Speed (RPM),Torque (N·m),Current (A),Supplied Power (W),Output Power (W),Efficiency (%),Power Dissipation (W)
0,0.217,33.344,400.128,0,0,400.128
74.577,0.21483,33.026,396.312,1.678,0.423,394.634
149.155,0.21266,32.707,392.484,3.322,0.846,389.162
223.732,0.21049,32.389,388.668,4.932,1.269,383.736
298.31,0.20832,32.071,384.852,6.508,1.691,378.344
372.887,0.20615,31.753,381.036,8.05,2.113,372.986
447.465,0.20398,31.434,377.208,9.558,2.534,367.65
522.042,0.20181,31.116,373.392,11.033,2.955,362.359
596.62,0.19964,30.798,369.576,12.473,3.375,357.103
671.197,0.19747,30.48,365.76,13.88,3.795,351.88
745.775,0.1953,30.161,361.932,15.252,4.214,346.68
820.352,0.19313,29.843,358.116,16.591,4.633,341.525
894.93,0.19096,29.525,354.3,17.896,5.051,336.404
969.507,0.18879,29.206,350.472,19.167,5.469,331.305
1044.085,0.18662,28.888,346.656,20.404,5.886,326.252
1118.662,0.18445,28.57,342.84,21.608,6.303,321.232
1193.24,0.18228,28.252,339.024,22.777,6.718,316.247
1267.817,0.18011,27.933,335.196,23.912,7.134,311.284
1342.395,0.17794,27.615,331.38,25.014,7.548,306.366
1416.972,0.17577,27.297,327.564,26.082,7.962,301.482
1491.55,0.1736,26.979,323.748,27.115,8.375,296.633
1566.127,0.17143,26.66,319.92,28.115,8.788,291.805
1640.705,0.16926,26.342,316.104,29.081,9.2,287.023
1715.282,0.16709,26.024,312.288,30.013,9.611,282.275
1789.86,0.16492,25.706,308.472,30.912,10.021,277.56
1864.437,0.16275,25.387,304.644,31.776,10.431,272.868
1939.015,0.16058,25.069,300.828,32.606,10.839,268.222
2013.592,0.15841,24.751,297.012,33.403,11.246,263.609
2088.17,0.15624,24.432,293.184,34.165,11.653,259.019
2162.747,0.15407,24.114,289.368,34.894,12.059,254.474
2237.325,0.1519,23.796,285.552,35.589,12.463,249.963
2311.902,0.14973,23.478,281.736,36.25,12.867,245.486
2386.48,0.14756,23.159,277.908,36.877,13.269,241.031
2461.057,0.14539,22.841,274.092,37.47,13.671,236.622
2535.635,0.14322,22.523,270.276,38.029,14.07,232.247
2610.212,0.14105,22.205,266.46,38.555,14.469,227.905
2684.79,0.13888,21.886,262.632,39.046,14.867,223.586
2759.367,0.13671,21.568,258.816,39.504,15.263,219.312
2833.945,0.13454,21.25,255,39.927,15.658,215.073
2908.522,0.13237,20.931,251.172,40.317,16.052,210.855
2983.1,0.1302,20.613,247.356,40.673,16.443,206.683
3057.677,0.12803,20.295,243.54,40.995,16.833,202.545
3132.255,0.12586,19.977,239.724,41.283,17.221,198.441
3206.832,0.12369,19.658,235.896,41.537,17.608,194.359
3281.41,0.12152,19.34,232.08,41.758,17.993,190.322
3355.987,0.11935,19.022,228.264,41.944,18.375,186.32
3430.565,0.11718,18.704,224.448,42.097,18.756,182.351
3505.142,0.11501,18.385,220.62,42.215,19.135,178.405
3579.72,0.11284,18.067,216.804,42.3,19.511,174.504
3654.297,0.11067,17.749,212.988,42.351,19.884,170.637
3728.875,0.1085,17.431,209.172,42.368,20.255,166.804
3803.452,0.10633,17.112,205.344,42.351,20.624,162.993
3878.029,0.10416,16.794,201.528,42.3,20.99,159.228
3952.607,0.10199,16.476,197.712,42.215,21.352,155.497
4027.184,0.09982,16.157,193.884,42.097,21.712,151.787
4101.762,0.09765,15.839,190.068,41.944,22.068,148.124
4176.339,0.09548,15.521,186.252,41.758,22.42,144.494
4250.917,0.09331,15.203,182.436,41.537,22.768,140.899
4325.494,0.09114,14.884,178.608,41.283,23.114,137.325
4400.072,0.08897,14.566,174.792,40.995,23.454,133.797
4474.649,0.0868,14.248,170.976,40.673,23.789,130.303
4549.227,0.08463,13.93,167.16,40.317,24.119,126.843
4623.804,0.08246,13.611,163.332,39.927,24.445,123.405
4698.382,0.08029,13.293,159.516,39.504,24.765,120.012
4772.959,0.07812,12.975,155.7,39.046,25.078,116.654
4847.537,0.07595,12.656,151.872,38.555,25.387,113.317
4922.114,0.07378,12.338,148.056,38.029,25.686,110.027
4996.692,0.07161,12.02,144.24,37.47,25.978,106.77
5071.269,0.06944,11.702,140.424,36.877,26.261,103.547
5145.847,0.06727,11.383,136.596,36.25,26.538,100.346
5220.424,0.0651,11.065,132.78,35.589,26.803,97.191
5295.002,0.06293,10.747,128.964,34.894,27.057,94.07
5369.579,0.06076,10.429,125.148,34.165,27.3,90.983
5444.157,0.05859,10.11,121.32,33.403,27.533,87.917
5518.734,0.05642,9.792,117.504,32.606,27.749,84.898
5593.312,0.05425,9.474,113.688,31.776,27.95,81.912
5667.889,0.05208,9.155,109.86,30.912,28.138,78.948
5742.467,0.04991,8.837,106.044,30.013,28.302,76.031
5817.044,0.04774,8.519,102.228,29.081,28.447,73.147
5891.622,0.04557,8.201,98.412,28.115,28.569,70.297
5966.199,0.0434,7.882,94.584,27.115,28.668,67.469
6040.777,0.04123,7.564,90.768,26.082,28.735,64.686
6115.354,0.03906,7.246,86.952,25.014,28.768,61.938
6189.932,0.03689,6.928,83.136,23.912,28.763,59.224
6264.509,0.03472,6.609,79.308,22.777,28.72,56.531
6339.087,0.03255,6.291,75.492,21.608,28.623,53.884
6413.664,0.03038,5.973,71.676,20.404,28.467,51.272
6488.242,0.02821,5.655,67.86,19.167,28.245,48.693
6562.819,0.02604,5.336,64.032,17.896,27.949,46.136
6637.397,0.02387,5.018,60.216,16.591,27.552,43.625
6711.974,0.0217,4.7,56.4,15.252,27.043,41.148
6786.552,0.01953,4.381,52.572,13.88,26.402,38.692
6861.129,0.01736,4.063,48.756,12.473,25.582,36.283
6935.707,0.01519,3.745,44.94,11.033,24.551,33.907
7010.284,0.01302,3.427,41.124,9.558,23.242,31.566
7084.862,0.01085,3.108,37.296,8.05,21.584,29.246
7159.439,0.00868,2.79,33.48,6.508,19.438,26.972
7234.017,0.00651,2.472,29.664,4.932,16.626,24.732
7308.594,0.00434,2.154,25.848,3.322,12.852,22.526
7383.172,0.00217,1.835,22.02,1.678,7.62,20.342
7457.749,0,1.517,18.204,0,0,18.204
