Time,Current (A),Power Output (W)
0.001,6.03,32.207
0.417,6.05,31.165
0.825,6.01,31.196
1.229,5.98,31.529
1.603,5.95,30.915
1.989,5.93,30.905
2.338,5.9,30.843
2.687,5.87,30.541
3.036,5.85,30.863
3.384,5.83,30.24
3.733,5.8,29.928
4.083,5.76,30.26
4.46,5.74,29.938
4.808,5.72,29.948
5.16,5.71,30.27
5.508,5.69,29.636
5.857,5.68,29.646
6.234,5.67,29.938
6.6,5.66,29.596
6.959,5.65,29.636
7.333,5.64,29.334
7.682,5.62,29.383
8.032,5.61,29.636
8.381,5.6,29.314
8.73,5.61,29.042
9.107,5.58,29.324
9.455,5.55,28.7
9.804,5.54,29.003
10.154,5.54,28.983
10.502,5.53,28.379
10.853,5.51,29.012
11.23,5.49,28.72
11.578,5.49,29.042
11.928,5.48,28.993
12.275,5.47,29.022
12.626,5.47,28.067
13.002,5.46,28.7
13.366,5.46,28.71
13.728,5.44,28.7
14.1,5.43,28.72
14.451,5.43,28.388
14.8,5.43,28.388
15.149,5.42,28.7
15.499,5.41,28.067
15.874,5.4,28.067
16.224,5.38,28.105
16.574,5.4,28.095
16.921,5.39,28.379
17.271,5.39,28.417
17.62,5.37,28.086
17.98,5.36,27.755
18.335,5.36,28.076
18.696,5.36,27.802
19.044,5.37,28.095
19.395,5.36,28.388
19.77,5.35,27.802
20.135,5.33,27.755
20.495,5.33,27.792
20.87,5.32,28.086
21.218,5.3,28.095
21.569,5.29,27.727
21.918,5.28,27.471
22.267,5.27,27.811
22.645,5.26,27.15
22.992,5.26,27.746
23.342,5.26,27.434
23.692,5.24,27.517
24.04,5.24,27.443
24.39,5.25,27.462
24.767,5.25,27.15
25.115,5.25,27.113
25.465,5.24,27.471
25.814,5.23,27.471
26.164,5.22,27.425
26.566,5.21,26.829
26.915,5.21,27.416
27.263,5.2,27.168
27.624,5.2,26.811
28.008,5.2,27.131
28.365,5.18,27.168
28.715,5.18,26.847
29.091,5.18,26.856
29.441,5.18,27.168
29.843,5.16,26.838
30.192,5.16,27.15
30.542,5.16,26.838
30.89,5.15,26.561
31.241,5.15,27.159
31.59,5.16,26.802
31.949,5.14,27.204
32.303,5.15,26.856
32.664,5.17,27.471
33.014,5.16,26.517
33.415,5.14,27.141
33.766,5.13,27.195
34.115,5.14,26.865
34.463,5.15,26.829
34.84,5.14,27.177
35.189,5.14,26.865
35.537,5.15,26.811
35.888,5.13,26.847
36.236,5.13,26.508
36.585,5.12,25.919
36.946,5.11,26.838
37.301,5.11,26.526
37.661,5.09,26.178
38.064,5.08,26.231
38.413,5.09,26.178
38.762,5.06,26.499
39.11,5.07,26.508
39.46,5.05,25.893
39.82,5.04,26.526
40.202,5.05,25.867
40.564,5.04,26.526
40.965,5.05,26.222
41.315,5.03,26.196
41.664,5.03,25.875
42.04,5.02,26.231
42.389,5,25.91
42.737,5.02,26.526
43.086,5.03,26.552
43.437,5.03,25.954
43.785,5.04,26.231
44.134,5.04,26.517
44.511,5.05,26.213
44.859,5.04,26.213
45.21,5.03,26.543
45.559,5.02,25.927
45.945,5.02,26.205
46.301,5,26.552
46.659,5,25.581
47.01,5,26.213
47.384,4.99,25.927
47.735,5.01,26.205
48.084,5,25.901
48.432,5,26.231
48.781,5.01,25.884
49.158,5.02,25.91
49.508,5.03,26.205
49.873,5.03,26.196
50.232,5,26.205
50.608,4.98,25.564
50.958,4.99,26.187
51.36,4.99,25.884
51.726,4.99,26.222
52.086,5.01,26.257
52.489,5.01,26.231
52.837,5,25.875
53.187,5.02,25.875
53.563,5.02,26.231
53.911,5.02,25.893
54.262,5.03,26.508
54.665,5.02,25.901
55.013,5.02,25.901
55.362,4.99,26.196
55.712,5,25.901
56.061,5.01,25.589
56.409,5.01,25.884
56.786,5.02,25.91
57.136,5.03,26.187
57.485,5.02,25.91
57.835,5.02,26.266
58.183,5.03,25.564
58.534,5.03,26.205
58.909,5.02,26.24
59.259,5.03,25.901
59.662,5.03,26.222
60.011,5.03,25.867
60.36,5.02,25.893
60.708,5.03,26.196
61.058,5.03,26.178
61.433,5.02,25.893
61.781,5.03,26.187
62.139,5.03,25.91
62.52,5.03,26.196
62.9,5.02,26.222
63.259,5,25.875
63.609,5.01,26.213
63.985,5.02,25.893
64.334,5.03,26.187
64.682,5.02,26.187
65.033,5.02,25.884
65.382,5,25.572
65.731,4.98,25.936
66.108,4.98,26.187
66.456,4.98,25.936
66.807,4.98,25.919
67.155,4.98,25.555
67.504,4.99,25.893
67.882,4.98,25.91
68.246,4.98,25.564
68.606,4.98,25.269
68.981,4.98,25.252
69.33,4.98,25.91
69.679,4.97,25.919
70.028,4.95,25.243
70.377,4.94,25.581
70.736,4.95,25.581
71.119,4.95,25.243
71.479,4.94,25.901
71.827,4.94,25.884
72.205,4.93,25.581
72.607,4.93,25.252
72.973,4.93,25.572
73.333,4.94,24.982
73.682,4.92,25.954
74.085,4.92,25.564
74.435,4.91,25.294
74.782,4.92,25.867
75.16,4.91,24.965
75.51,4.9,25.581
75.858,4.9,25.26
76.207,4.88,24.957
76.556,4.87,25.015
76.906,4.86,25.252
77.283,4.86,25.294
77.631,4.86,24.653
77.981,4.85,24.982
78.328,4.86,24.645
78.681,4.84,25.269
79.082,4.85,25.277
79.432,4.85,25.252
79.779,4.84,25.269
80.139,4.83,24.637
80.523,4.83,25.294
80.881,4.85,25.311
81.242,4.85,25.235
81.607,4.84,25.328
82.009,4.85,25.269
82.376,4.84,25.277
82.733,4.83,25.32
83.084,4.84,25.294
83.459,4.84,24.694
83.809,4.84,24.974
84.196,4.84,24.957
84.577,4.83,24.645
84.938,4.83,25.277
85.34,4.84,24.653
85.689,4.84,24.661
86.038,4.84,25.294
86.388,4.83,24.957
86.763,4.83,24.67
87.111,4.81,24.349
87.463,4.82,24.325
87.812,4.82,24.948
88.16,4.82,24.333
88.51,4.81,24.67
88.869,4.81,24.661
89.223,4.79,24.932
89.585,4.8,24.308
89.934,4.78,24.628
90.321,4.79,24.982
90.676,4.79,24.628
91.035,4.8,24.965
91.383,4.82,24.637
91.76,4.82,24.965
92.11,4.83,24.957
92.459,4.83,24.645
92.808,4.83,24.661
93.158,4.81,24.999
93.536,4.81,24.99
93.901,4.83,24.637
94.26,4.81,24.965
94.663,4.8,24.711
95.012,4.81,24.957
95.36,4.8,24.965
95.709,4.81,24.999
96.069,4.81,24.317
96.425,4.81,24.637
96.785,4.82,24.653
97.133,4.81,24.957
97.484,4.82,25.294
97.885,4.82,24.62
98.235,4.81,24.645
98.584,4.81,24.982
98.959,4.81,24.974
99.308,4.8,24.974
99.658,4.81,24.982
100.008,4.83,24.333
100.356,4.81,24.923
100.734,4.8,24.653
101.099,4.8,24.67
101.459,4.79,24.661
101.862,4.78,24.637
102.209,4.77,24.317
102.56,4.77,24.628
102.908,4.77,24.333
103.286,4.77,24.637
103.651,4.78,24.021
104.01,4.77,24.628
104.387,4.77,24.628
104.75,4.76,24.325
105.111,4.76,24.661
105.487,4.76,24.013
105.836,4.74,24.366
106.185,4.73,24.678
106.534,4.75,24.653
106.883,4.74,24.357
107.259,4.74,24.349
107.607,4.74,24.029
107.958,4.74,24.077
108.306,4.73,24.341
108.657,4.74,24.637
109.06,4.75,24.308
109.419,4.75,24.029
109.812,4.75,24.341
110.216,4.73,24.325
110.581,4.73,24.029
110.942,4.72,24.333
111.345,4.72,24.637
111.693,4.74,24.357
112.042,4.76,24.325
112.392,4.75,24.333
112.752,4.75,24.645
113.133,4.75,23.717
113.494,4.74,24.317
113.852,4.74,24.308
114.234,4.72,23.717
114.595,4.7,24.341
114.97,4.7,23.997
115.319,4.7,24.333
115.669,4.7,24.053
116.017,4.69,23.709
116.367,4.7,24.013
116.742,4.69,24.013
117.092,4.69,24.308
117.44,4.69,24.037
117.789,4.69,23.725
118.139,4.69,23.725
118.488,4.69,24.021
118.865,4.69,23.725
119.252,4.69,23.717
119.617,4.69,23.709
119.981,4.68,23.725
120.342,4.7,23.717
120.716,4.67,24.341
121.067,4.66,24.357
121.47,4.68,23.741
121.835,4.7,23.717
122.2,4.69,23.717
122.599,4.67,23.413
122.985,4.66,23.757
123.367,4.67,23.725
123.725,4.66,23.413
124.075,4.67,24.021
124.45,4.66,23.733
124.801,4.67,24.045
125.202,4.69,23.661
125.569,4.66,23.452
125.928,4.66,23.685
126.278,4.66,24.013
126.638,4.66,24.045
127.001,4.66,24.005
127.352,4.66,23.373
127.701,4.66,23.701
128.052,4.65,24.037
128.453,4.65,23.701
128.805,4.65,23.725
129.206,4.63,23.717
129.555,4.64,23.693
129.905,4.65,24.037
130.254,4.64,23.405
130.629,4.65,24.013
130.978,4.63,23.725
131.328,4.65,23.389
131.676,4.63,23.709
132.026,4.63,23.701
132.375,4.62,23.405
132.752,4.62,23.421
133.1,4.62,23.741
133.451,4.64,24.021
133.837,4.63,23.709
134.192,4.63,23.358
134.551,4.63,24.045
134.899,4.63,23.693
135.25,4.62,23.741
135.61,4.63,23.701
135.991,4.63,23.685
136.352,4.6,23.733
136.727,4.61,23.709
137.092,4.62,23.749
137.451,4.61,23.405
137.827,4.6,23.444
138.176,4.62,23.389
138.526,4.6,23.116
138.874,4.59,23.757
139.223,4.59,23.101
139.585,4.6,23.397
139.933,4.6,23.101
140.288,4.6,23.717
140.649,4.61,23.389
140.997,4.61,23.373
141.374,4.6,23.717
141.723,4.59,23.132
142.088,4.6,23.452
142.449,4.6,23.677
142.823,4.6,23.733
143.173,4.59,23.085
143.577,4.57,23.405
143.941,4.57,23.421
144.303,4.58,23.741
144.704,4.58,23.413
145.054,4.57,23.749
145.404,4.59,23.677
145.781,4.58,23.132
146.146,4.59,23.334
146.505,4.55,23.405
146.881,4.55,23.085
147.269,4.55,22.796
147.633,4.56,23.397
148.009,4.58,23.062
148.359,4.55,23.397
148.761,4.55,23.124
149.11,4.54,23.101
149.46,4.55,23.101
149.81,4.55,23.452
150.185,4.57,23.07
150.533,4.56,23.405
150.883,4.56,23.381
151.232,4.56,22.788
151.582,4.58,23.373
151.93,4.58,22.796
152.307,4.57,23.757
152.656,4.56,22.788
153.006,4.56,23.397
153.355,4.58,22.765
153.704,4.58,23.397
154.09,4.57,23.405
154.446,4.58,22.758
154.805,4.57,23.397
155.154,4.58,23.428
155.532,4.57,23.428
155.879,4.58,23.101
156.229,4.57,23.413
156.577,4.56,23.397
156.927,4.56,23.132
157.305,4.56,23.397
157.669,4.56,23.421
158.029,4.57,23.709
158.404,4.59,22.788
158.754,4.55,23.397
159.102,4.55,23.085
159.452,4.54,23.116
159.812,4.55,23.116
160.195,4.55,23.428
160.553,4.54,22.811
160.939,4.53,23.413
161.296,4.55,23.108
161.655,4.55,22.765
162.03,4.54,23.444
162.38,4.55,22.758
162.729,4.54,23.413
163.079,4.55,23.405
163.427,4.58,22.765
163.778,4.56,22.446
164.153,4.55,23.397
164.502,4.57,23.108
164.89,4.58,23.077
165.271,4.58,23.389
165.63,4.58,22.796
165.979,4.58,23.389
166.329,4.58,22.758
166.706,4.57,23.108
167.053,4.57,23.428
167.403,4.56,22.781
167.751,4.57,22.75
168.103,4.56,23.405
168.479,4.56,23.07
168.865,4.55,23.389
169.247,4.57,22.758
169.605,4.56,23.132
169.955,4.56,22.758
170.304,4.56,23.397
170.681,4.55,23.421
171.082,4.58,23.093
171.448,4.58,22.765
171.81,4.55,22.788
172.194,4.56,23.381
172.55,4.56,23.077
172.91,4.56,22.765
173.259,4.57,23.101
173.635,4.57,23.421
173.984,4.57,22.765
174.332,4.56,23.07
174.682,4.58,23.116
175.032,4.57,23.101
175.38,4.57,23.108
175.757,4.56,23.085
176.105,4.56,23.085
176.456,4.56,22.804
176.858,4.56,23.077
177.208,4.56,22.461
177.556,4.55,23.093
177.906,4.57,23.108
178.255,4.58,22.758
178.603,4.56,23.405
178.98,4.58,22.454
179.329,4.58,23.397
179.679,4.59,23.397
180.029,4.59,22.796
