10A,,,20A,,,30A,,,40A,,,50A,,,60A,,
Time,Current (A),Power Output (W),Time,Current (A),Power Output (W),Time,Current (A),Power Output (W),Time,Current (A),Power Output (W),Time,Current (A),Power Output (W),Time,Current (A),Power Output (W)
0.005,9.9,105.214,0.004,19.11,210.629,0,28.95,309.53,0.005,38.36,384.078,0.006,47.56,450.208,0.001,58.15,494.691
0.417,11.21,114.398,0.418,20.68,222.494,0.363,31.01,316.486,0.378,41.44,394.433,0.391,51.17,462.889,0.362,63.91,500.058
0.771,11.41,102.968,0.774,21.54,220.351,0.757,32.01,309.556,0.772,42.19,388.686,0.787,53.32,460.814,0.729,66.62,496.644
1.131,10.86,96.201,1.133,21.07,210.822,1.134,31.86,302.849,1.14,41.8,382.994,1.161,52.96,448.456,1.132,65.37,480.42
1.507,10.02,91.492,1.511,20.34,202.005,1.539,30.21,296.222,1.5,39.99,373.354,1.566,51.31,437.25,1.498,59.75,465.248
1.853,9.3,84.383,1.91,19.77,202.164,1.935,29.41,287.063,1.871,39.33,371.767,1.925,49.46,431.828,1.854,57.26,463.28
2.206,9.23,88.718,2.279,19.54,199.472,2.307,29.16,294.372,2.224,39.03,374.69,2.29,48.34,431.425,2.208,56.55,468.597
2.611,9.56,94.612,2.64,19.51,201.885,2.667,29.24,296.425,2.629,39.51,378.071,2.693,48.35,435.77,2.611,57.68,474.921
2.975,9.98,102.951,3.042,19.78,205.88,3.071,29.7,294.252,2.994,39.9,374.142,3.097,49.25,438.58,3.017,60.41,479.713
3.334,10.35,100.506,3.445,20.07,209.864,3.473,30.31,305.248,3.355,40.17,380.537,3.5,50.24,448.44,3.38,61.54,476.238
3.71,10.36,103.491,3.81,20.26,208.641,3.839,30.43,306.449,3.755,40.29,380.705,3.865,50.73,443.264,3.74,61.44,475.799
4.059,10.28,97.916,4.17,20.19,205.839,4.199,30.33,301.642,4.16,40.13,375.958,4.224,50.64,444.885,4.115,61.04,476.113
4.463,9.95,106.507,4.546,20.08,206.043,4.601,30.02,296.826,4.547,40.03,376.991,4.627,50.22,434.991,4.504,60.18,467.242
4.829,9.84,103.144,4.912,19.99,207.791,5.005,29.83,298.024,4.928,39.93,377.549,5.03,49.91,440.28,4.885,59.31,470.697
5.188,9.76,94.14,5.272,19.93,205.107,5.372,29.86,297.901,5.29,39.91,379.811,5.397,49.73,435.402,5.245,59.2,465.827
5.59,9.91,105.209,5.66,19.92,205.228,5.73,29.92,299.989,5.691,39.95,374.904,5.756,49.78,440.333,5.647,59.59,469.905
5.996,10.03,107.967,6.023,19.95,210.155,6.105,30,301.136,6.056,39.97,379.169,6.159,49.92,440.15,6.051,59.92,469.497
6.359,10.05,104.747,6.427,19.99,209.584,6.471,30.01,296.964,6.417,39.99,377.44,6.561,50.06,438.2,6.415,60.24,471.22
6.721,10.04,106.308,6.831,20.03,204.416,6.831,30.01,296.718,6.793,40.03,377.413,6.949,50.11,437.888,6.775,60.33,468.438
7.098,10.04,104.689,7.196,20.04,203.763,7.235,30.01,300.567,7.158,40.03,378.528,7.33,50.09,437.992,7.179,60.29,468.803
7.461,9.98,100.845,7.556,19.99,206.57,7.638,30,297.347,7.517,40.03,379.559,7.69,50.06,439.211,7.583,59.94,466.79
7.822,9.98,97.447,7.942,19.99,207.709,8.004,30.01,292.795,7.893,39.97,376.159,8.094,50.01,437.447,7.949,59.95,467.633
8.198,9.97,96.381,8.307,20,206.897,8.362,30.01,298.358,8.299,39.97,376.076,8.459,49.93,436.15,8.307,59.95,465.697
8.587,9.97,101.889,8.711,20,204.13,8.737,30.01,294.94,8.662,39.98,376.857,8.819,49.95,438.145,8.71,59.96,467.777
8.967,9.94,100.21,9.099,20.01,208.079,9.104,29.97,293.159,9.023,40.02,377.08,9.194,49.96,434.545,9.114,60.05,467.69
9.326,9.95,96.237,9.48,20.01,204.944,9.464,29.98,300.381,9.427,40.01,378.75,9.561,50.03,438.839,9.479,60.09,464.398
9.727,9.96,98.026,9.84,19.99,206.491,9.84,29.99,295.891,9.827,40.01,379.193,9.92,50.1,438.086,9.838,60.07,463.234
10.078,10,96.237,10.226,19.97,206.897,10.242,29.98,300.061,10.194,39.98,373.933,10.297,50.04,437.207,10.214,60.07,466.59
10.482,10.05,95.118,10.591,20.01,209.989,10.607,30,297.593,10.552,39.99,373.271,10.663,50.02,435.138,10.582,60.03,465.424
10.847,10.05,95.66,10.995,19.99,209.294,10.967,30.02,300.256,10.956,40,378.804,11.022,49.97,434.492,10.94,60.05,461.465
11.205,10.01,99.706,11.36,19.99,203.113,11.372,30.01,298.74,11.362,40.04,373.685,11.398,49.99,436.79,11.344,60.05,463.651
11.582,9.98,101.985,11.719,19.97,206.975,11.774,30,299.813,11.725,40.01,374.938,11.8,50,437.794,11.748,59.93,460.497
11.948,9.98,103.086,12.095,20.02,211.172,12.14,29.97,300.319,12.086,40.03,372.019,12.166,50.01,437.48,12.112,59.97,463.44
12.306,9.95,99.109,12.484,20.02,208.361,12.5,30,295.446,12.489,40,377.691,12.525,50.04,434.998,12.471,59.99,462.831
12.709,9.97,92.967,12.858,20.02,205.269,12.886,30.01,301.267,12.892,40.01,377.218,12.912,50.06,433.789,12.848,60.09,461.946
13.06,10.01,97.989,13.224,20,210.114,13.251,30,294.312,13.256,40.01,374.689,13.278,50.01,430.622,13.213,60.07,460.025
13.464,10.02,106.348,13.628,19.99,207.303,13.657,29.99,301.71,13.616,40,377.135,13.682,50.02,433.04,13.574,60.11,460.818
13.867,10.02,94.629,13.993,19.99,208.683,14.058,29.97,295.263,13.991,39.98,374.024,14.069,50,434.456,13.933,60.03,458.868
14.231,10.03,98.007,14.353,19.97,204.497,14.425,29.99,300.637,14.357,39.94,373.968,14.451,50.03,432.959,14.3,59.99,457.317
14.59,10.01,99.65,14.728,19.98,208.196,14.784,30,299.627,14.717,40.01,378.185,14.809,50.03,433.292,14.701,60,458.141
14.995,9.99,101.292,15.117,19.99,205.717,15.186,30,299.059,15.12,40,375.134,15.213,50.06,435.267,15.066,60.04,458.72
15.398,9.97,103.588,15.496,20.05,207.626,15.589,30.01,298.616,15.524,40.02,375.661,15.578,50.1,432.107,15.427,60.05,458.993
15.764,9.98,99.743,15.856,20.02,207.914,15.955,30,302.153,15.889,40.04,376.854,15.936,49.95,432.544,15.814,60.09,457.96
16.122,10.01,97.374,16.261,19.99,208.278,16.315,30,299.121,16.249,40.02,375.965,16.298,50.02,428.41,16.178,60.03,458.901
16.473,10.02,94.647,16.625,19.99,202.423,16.718,30.01,298.234,16.623,40.04,375.106,16.663,50,430.051,16.584,60.05,454.472
16.875,10.02,103.569,16.985,19.98,204.171,17.121,30.01,298.997,16.989,40,375.714,17.066,50,433.228,16.948,60,455.685
17.279,9.99,97.465,17.344,19.98,208.237,17.485,30,300.955,17.351,40.01,375.273,17.431,49.99,428.228,17.308,60,459.108
17.667,9.99,99.762,17.708,20,204.251,17.845,29.98,297.987,17.708,40.01,374.08,17.792,49.99,432.689,17.684,60,453.658
18.047,9.98,104.63,18.113,20.01,208.931,18.249,30.02,296.09,18.074,40.01,370.7,18.193,49.99,432.377,18.048,60.08,454.353
18.407,9.98,106.948,18.477,20.03,201.735,18.652,30,292.937,18.46,40.01,375.023,18.598,50.06,429.682,18.408,60.07,454.745
18.812,10.01,106.269,18.837,19.98,206.815,19.018,29.99,300.45,18.827,40.02,377.043,18.962,50.11,429.475,18.785,60.01,454.11
19.176,10.01,97.971,19.241,19.97,205.025,19.377,30,298.616,19.191,39.97,377.294,19.322,50.04,431.318,19.152,60.01,455.343
19.535,10.01,104.09,19.645,20.02,207.057,19.782,30.01,294.147,19.552,40.02,374.523,19.728,49.99,428.709,19.509,60.04,456.788
19.895,9.98,101.273,20.009,19.98,204.781,20.184,30,298.492,19.929,39.97,370.37,20.129,50.03,433.074,19.886,60.01,455.247
20.259,10.02,107.427,20.37,20.03,205.188,20.572,30,297.802,20.293,40.05,369.735,20.493,50.02,430.26,20.251,60,451.483
20.664,9.98,99.743,20.746,20.02,208.278,20.953,30,299.821,20.653,40,376.405,20.852,49.99,429.826,20.61,60.05,451.39
21.03,10,95.207,21.112,20,208.072,21.312,30,298.749,21.029,40.05,374.606,21.257,50,428.751,20.987,60.05,454.151
21.39,10.01,98.007,21.471,19.99,209.947,21.699,30,297.236,21.431,39.98,375.076,21.66,50,426.912,21.39,60.04,452.078
21.792,10.02,101.424,21.847,20,203.601,22.065,30.01,298.245,21.798,39.99,376.405,22.026,50,428.874,21.755,60.06,448.473
22.18,10,105.887,22.213,19.97,205.147,22.468,30.01,294.773,22.158,39.95,373.028,22.386,50.02,432.897,22.116,60.04,453.031
22.543,10.01,105.749,22.572,19.99,202.711,22.835,30,291.503,22.56,40.02,374.743,22.76,50.06,428.582,22.519,59.99,450.449
22.895,10,96.96,22.947,20.02,209.615,23.193,29.98,297.297,22.963,40.01,373.166,23.164,50.05,430.089,22.922,59.96,448.529
23.298,10,100.285,23.336,19.99,205.96,23.569,29.97,298.811,23.329,40.04,375.129,23.529,50.01,431.388,23.287,59.99,452.057
23.664,10,105.887,23.716,19.99,209.004,23.936,30,295.722,23.688,40.02,375.516,23.89,49.99,431.18,23.647,60.04,450.672
24.024,10,106.428,24.077,20,205.391,24.295,30,299.192,24.094,40.04,370.041,24.291,50,425.346,24.049,60.06,449.919
24.427,10,103.608,24.479,20.01,205.96,24.698,29.99,299.13,24.495,39.99,376.069,24.695,49.99,431.732,24.436,60.06,449.022
24.829,10,97.447,24.881,20.01,206.286,25.101,30,299.192,24.86,39.99,369.488,25.06,50.01,426.005,24.819,60.05,450.574
25.195,10,95.695,25.248,20,204.781,25.489,30,296.669,25.22,39.99,372.447,25.42,50.01,428.929,25.179,59.98,446.84
25.553,9.98,105.868,25.607,19.99,206.368,25.855,30.01,293.077,25.623,39.99,372.999,25.798,50.02,426.56,25.58,60.01,445.436
25.93,10.02,99.109,26.011,19.98,206.327,26.229,30.01,301.273,26.009,40.01,375.014,26.172,50.03,428.737,25.986,59.94,445.849
26.296,9.99,100.172,26.414,20.01,207.914,26.631,30,299.068,26.377,40.02,375.315,26.576,50.03,428.201,26.372,60,448.971
26.655,9.99,100.266,26.78,19.96,207.344,27.036,30.02,299.821,26.742,40.01,375.651,26.981,50.02,427.01,26.754,60.05,451.314
27.058,10,97.447,27.14,19.99,202.67,27.401,29.99,299.572,27.1,40.01,372.833,27.345,50.02,432.086,27.113,60.07,444.765
27.462,10,101.443,27.524,20.01,205.676,27.76,30.02,299.13,27.476,40.02,374.795,27.705,50.01,428.098,27.5,60.05,446.189
27.827,9.99,102.526,27.891,19.99,206.205,28.164,30,298.245,27.883,40.04,374.879,28.108,50.02,425.095,27.866,60.04,448.142
28.188,10,100.229,28.294,20,202.223,28.55,30.01,298.563,28.246,39.99,368.525,28.511,50.02,425.733,28.271,60,448.142
28.563,10.01,99.687,28.683,20,204.782,28.931,30.01,294.773,28.605,39.97,370.155,28.877,49.99,429.511,28.635,60,445.343
28.952,10.02,102.468,29.063,19.99,204.822,29.292,29.97,293.703,29.008,40,372.97,29.234,49.98,430.164,28.997,60.03,442.258
29.315,9.99,96.381,29.424,20.01,207.462,29.694,29.97,298.315,29.412,39.99,374.294,29.639,50.03,425.216,29.399,60.01,445.123
29.692,10.01,104.109,29.81,20.08,209.739,30.098,29.99,292.269,29.778,40.01,372.417,30.042,50.07,422.959,29.785,60.02,442.067
30.095,9.99,102.023,30.175,20.01,204.782,30.464,30,296.865,30.136,40.05,374.126,30.407,50.04,426.851,30.149,60.02,442.957
30.459,9.99,101.851,30.58,20,209.698,30.824,30,294.911,30.541,39.99,374.21,30.766,50.02,428.559,30.515,59.96,445.023
30.819,9.98,95.171,30.945,19.96,205.31,31.225,30,299.697,30.943,40.02,373.189,31.143,49.98,429.316,30.876,59.98,443.123
31.195,10.01,103.549,31.303,20.02,207.385,31.628,30.01,298.571,31.31,40,372.168,31.507,49.98,426.643,31.251,60,441.367
31.56,10.02,97.989,31.678,19.96,207.462,32.017,30,299.572,31.669,39.99,373.658,31.869,50.01,425.249,31.655,60.07,445.468
31.921,10.02,101.348,32.044,19.97,209.377,32.381,29.99,293.337,32.071,40.04,371.616,32.227,49.98,422.79,32.02,60.05,444.841
32.28,9.98,100.266,32.405,20.04,202.504,32.757,30.01,298.944,32.458,40.02,374.043,32.594,50.01,424.406,32.38,60.03,440.502
32.645,9.97,100.266,32.792,20.03,206.447,33.161,30,297.184,32.823,39.97,374.377,32.996,50.04,424.939,32.782,60.04,444.86
32.994,9.97,105.749,33.156,20,201.646,33.538,30.01,298.633,33.227,39.99,369.494,33.36,50.03,419.476,33.186,60,443.71
33.398,10.01,100.191,33.56,19.98,207.344,33.912,30.01,298.245,33.595,40.03,372.002,33.721,50.02,421.193,33.552,59.99,440.787
33.764,10.01,105.749,33.964,19.99,205.431,34.301,30.01,299.199,33.953,40.03,370.128,34.109,50.02,423.133,33.91,59.97,439.157
34.124,10.03,101.851,34.328,19.98,205.837,34.676,30,299.453,34.355,40,367.481,34.474,49.99,426.137,34.299,59.97,440.325
34.483,10.02,107.468,34.69,19.97,206.893,35.041,30,298.625,34.76,40.01,368.722,34.878,49.96,426.567,34.663,60.03,440.607
34.848,10.04,106.988,35.075,20.06,209.615,35.444,30.01,299.448,35.124,39.99,374.645,35.281,49.97,422.927,35.068,60.07,439.22
35.251,9.98,94.629,35.441,20.07,206.488,35.811,30.01,293.719,35.482,40,367.703,35.645,50.05,421.966,35.454,60.05,438.577
35.617,9.98,97.989,35.845,19.99,206.57,36.173,30,300.076,35.859,40.01,369.659,36.005,50.06,425.41,35.837,60.01,435.808
35.976,9.99,106.368,36.21,19.95,210.351,36.572,29.98,297.873,36.225,40.02,368.31,36.408,50.06,424.332,36.194,59.98,437.955
36.352,9.99,93.544,36.57,19.98,207.585,36.976,29.97,298.509,36.583,40.01,368.861,36.81,49.99,423.164,36.599,59.94,437.474
36.717,9.97,98.062,36.945,19.99,202.912,37.365,30,298.439,36.988,40.01,371.835,37.177,49.98,420.269,36.964,59.93,437.114
37.079,9.97,97.952,37.334,20.06,208.724,37.729,30,295.98,37.391,39.98,374.01,37.537,49.99,420.611,37.324,60.07,436.753
37.48,10.01,99.146,37.715,20,210.754,38.106,30.03,299.329,37.757,39.98,374.645,37.939,49.99,423.282,37.699,60.07,436.633
37.884,10.02,100.883,38.075,19.95,203.682,38.508,30.02,299.448,38.114,40.01,373.157,38.325,50,422.322,38.087,60.04,435.632
38.25,10.01,101.889,38.479,19.95,204.903,38.875,30.02,300.456,38.49,40.02,372.522,38.691,49.99,421.894,38.468,60.01,438.655
38.61,10.02,107.427,38.881,20.01,208.6,39.232,29.96,297.997,38.895,40.04,372.272,39.094,49.99,426.288,38.828,59.92,437.792
38.985,10.03,99.725,39.247,19.98,207.75,39.636,29.97,297.812,39.262,40,374.143,39.462,50,422.867,39.215,59.91,435.152
39.35,10,106.467,39.604,20.07,205.878,40.04,29.99,297.626,39.621,39.99,367.127,39.82,49.99,423.515,39.58,59.98,438.327
39.709,10,105.828,40.009,20.06,207.016,40.444,30,295.98,40.024,39.99,368.53,40.224,49.99,416.798,39.987,60.07,436.207
40.069,9.99,103.569,40.413,19.97,205.798,40.808,30.01,300.898,40.425,40,371.887,40.626,50.01,420.523,40.349,60.06,433.952
40.435,10,107.608,40.778,19.98,209.698,41.168,30.03,299.074,40.794,40,372.105,40.991,50.02,424.058,40.707,60.04,436.844
40.838,10.01,94.647,41.139,19.95,207.989,41.571,30.03,299.89,41.151,40,372.573,41.35,50.02,423.204,41.112,60.03,434.829
41.204,9.98,95.803,41.527,19.99,207.016,41.976,29.96,297.122,41.554,40,372.022,41.755,50.03,417.874,41.514,59.96,436.482
41.564,9.96,96.291,41.889,19.97,206.205,42.341,30,298.006,41.941,39.99,371.17,42.158,50.06,422.788,41.882,59.94,435.604
41.941,10,98.604,42.293,20.07,208.072,42.701,30.03,292.972,42.306,40,372.957,42.545,50,421.612,42.239,59.97,434.486
42.306,9.98,105.366,42.66,20.03,207.544,43.102,29.98,298.757,42.71,39.99,372.406,42.918,49.97,422.039,42.644,60.03,433.747
42.666,10.01,106.988,43.018,20.03,203.766,43.508,29.99,297.316,43.075,40,372.406,43.285,50,419.273,43.047,60.02,433.009
43.069,10.02,106.888,43.394,19.98,205.798,43.87,30.01,297.378,43.434,40.02,368.2,43.688,50.02,419.17,43.413,60.04,433.524
43.472,10.01,104.109,43.782,19.99,205.96,44.23,30.01,298.888,43.838,39.97,368.283,44.057,49.98,424.4,43.773,60.06,433.901
43.861,10.03,97.934,44.162,19.95,203.968,44.608,29.99,299.64,44.243,40.02,372.622,44.414,49.96,419.829,44.147,59.98,432.272
44.241,10,96.869,44.522,19.95,207.462,44.972,29.99,298.261,44.607,40.04,368.804,44.819,49.98,419.933,44.512,60,430.027
44.6,10.01,99.65,44.911,20.02,209.336,45.332,29.99,293.917,44.969,40,370.838,45.205,50.08,424.513,44.872,59.97,430.661
45.003,10,99.762,45.276,20.04,204.009,45.735,29.97,297.184,45.354,40.02,372.239,45.57,50.03,417.495,45.277,59.94,431.552
45.369,9.97,106.368,45.678,20.08,206.893,46.139,30,293.033,45.718,40.01,366.388,45.975,49.99,420.152,45.68,59.99,431.944
45.728,10,98.641,46.067,20.02,201.695,46.504,30,300.21,46.124,40,370.921,46.34,49.97,423.879,46.045,60.04,433.208
46.131,10.02,98.08,46.439,19.93,206.205,46.862,30.02,298.757,46.526,39.97,371.388,46.7,49.98,419.313,46.405,60.04,428.337
46.48,10,106.448,46.806,19.93,205.188,47.239,29.99,291.722,46.891,39.97,371.821,47.101,50,421.325,46.799,60.08,430.592
46.83,10,100.229,47.195,19.96,210.838,47.605,29.99,297.378,47.25,39.99,374.406,47.504,50,416.556,47.157,60,430.847
47.206,9.99,99.669,47.558,20.05,204.416,47.964,29.98,292.85,47.654,40.02,371.522,47.892,50.02,418.785,47.532,60,429.481
47.571,10,101.33,47.924,20,207.544,48.369,30.02,299.769,48.058,40.02,370.205,48.269,50,418.463,47.9,59.99,430.607
47.931,9.99,103.549,48.283,19.98,208.848,48.773,30.04,299.137,48.423,40.02,370.339,48.633,50,422.932,48.258,59.95,427.996
48.308,10,95.731,48.659,20.06,205.878,49.136,30.01,300.901,48.782,40.04,372.288,49.038,50,420.807,48.636,59.97,427.621
48.673,10,95.225,49.063,19.96,207.667,49.495,30,295.807,49.185,40,369.572,49.403,50.01,416.879,49.039,59.97,426.019
49.032,10.02,101.386,49.43,20.06,207.75,49.888,30.01,292.651,49.587,39.97,370.454,49.763,50,415.092,49.402,59.96,426.411
49.407,9.98,100.883,49.789,20.04,205.554,50.247,30,300.65,49.955,39.98,370.972,50.164,49.99,419.015,49.763,60.18,428.311
49.758,9.98,102.449,50.191,20.02,207.344,50.625,29.99,294.482,50.314,39.96,367.705,50.551,50.01,419.864,50.166,60.16,426.666
50.161,9.99,98.549,50.594,20.01,208.278,50.99,30,300.019,50.702,40.02,366.909,50.919,50,417.959,50.53,60.06,428.791
50.526,10,96.905,50.959,19.99,205.269,51.348,29.99,296.813,51.067,40.02,369.24,51.322,50.01,420.722,50.89,59.94,429.42
50.886,10.01,94.14,51.319,19.92,207.344,51.753,30,292.911,51.47,40.03,367.54,51.696,50.01,417.329,51.251,59.95,427.684
51.289,10.02,100.341,51.696,19.92,207.914,52.157,30,297.502,51.873,40.02,371.188,52.1,50.02,420.722,51.616,59.86,429.566
51.691,10.03,107.488,52.072,19.97,206.283,52.558,29.99,293.094,52.237,39.96,371.655,52.465,50,415.222,52.02,59.89,425.845
52.057,10.02,109.188,52.475,20.04,207.256,52.925,29.99,295.047,52.597,39.97,371.188,52.824,50.03,419.563,52.409,60.01,427.111
52.417,10,93.649,52.878,19.98,206.283,53.285,29.99,296.249,53.001,40.02,369.457,53.226,50.02,418.395,52.775,59.98,425.993
52.793,9.97,103.608,53.243,20.07,210.462,53.687,29.99,297.626,53.405,40.02,370.771,53.632,49.98,413.849,53.148,59.99,427.857
53.159,9.97,99.146,53.603,20.1,206.324,54.089,29.99,298.639,53.77,40.01,370.472,53.996,49.96,419.986,53.552,60.07,424.903
53.518,9.97,102.468,54.006,19.96,205.472,54.457,30.01,292.286,54.13,39.97,370.555,54.356,49.97,418.828,53.917,60.03,426.631
53.921,9.98,95.749,54.393,19.94,209.947,54.816,30.01,299.453,54.534,39.97,366.579,54.73,50,419.891,54.277,60,424.159
54.326,10.02,99.146,54.773,19.97,204.741,55.221,30,293.292,54.934,40.01,367.346,55.121,50,421.375,54.681,60,426.655
54.689,10.02,97.952,55.136,20.02,206.123,55.621,29.98,292.468,55.323,40.01,368.825,55.504,50.02,418.63,55.083,59.94,425.911
55.049,10,97.952,55.538,20.07,208.32,55.987,30,301.404,55.706,40.04,369.757,55.862,50.04,415.773,55.45,59.94,425.791
55.425,10.01,100.883,55.942,19.98,207.098,56.348,30.03,292.987,56.065,40.02,371.787,56.264,50.03,415.978,55.808,59.98,425.802
55.791,10,103.163,56.33,20,206.164,56.75,30.02,296.813,56.466,39.97,369.84,56.666,50,420.106,56.184,60.03,423.587
56.15,10,101.424,56.703,19.95,209.336,57.153,30,296.064,56.833,39.98,369.923,57.031,49.97,416.515,56.573,60.08,421.376
56.527,10,95.26,57.069,19.97,204.537,57.519,29.98,295.561,57.193,39.96,372.002,57.393,49.97,417.154,56.954,60.04,422.236
56.894,9.99,98.623,57.457,19.96,208.113,57.878,29.99,299.707,57.596,40.01,367.428,57.796,50,416.628,57.313,60,418.545
57.251,9.98,92.459,57.821,20.02,206.164,58.282,29.98,297.572,57.999,40.06,366.88,58.204,50.02,415.258,57.717,60,423.36
57.627,10.02,100.36,58.226,20.08,212.381,58.684,29.98,293.978,58.365,40.03,365.949,58.563,50,418.215,58.083,59.98,422.511
57.993,10.04,96.941,58.591,20.1,206.324,59.074,30.01,295.93,58.724,39.98,370.056,58.923,50.03,420.75,58.441,60,421.282
58.353,9.99,97.465,58.952,20.01,209.377,59.454,30.01,295.489,59.099,39.96,369.125,59.327,50.01,414.208,58.845,59.96,421.163
58.713,9.99,98.678,59.354,19.97,207.18,59.813,30.01,300.65,59.505,39.98,371.667,59.731,49.97,417.585,59.247,59.97,420.555
59.079,9.98,101.33,59.756,19.94,208.476,60.217,30.03,296.504,59.869,40.03,371.07,60.117,49.98,414.002,59.637,59.98,420.197
59.465,10.02,103.067,60.122,19.94,206,60.581,29.98,290.776,60.229,40.03,366.332,60.494,50,416.224,60,60.08,421.933
59.847,9.98,97.465,60.481,19.93,206.811,60.941,29.97,299.017,60.633,40.01,371.452,60.859,50.02,416.749,60.377,60.08,421.435
60.206,10,101.386,60.857,19.96,208.196,61.316,29.99,292.24,61.034,39.98,369.889,61.261,50.03,415.484,60.78,60,423.777
60.612,10.01,104.168,61.224,20.02,207.626,61.683,30.03,295.879,61.401,39.95,369.59,61.63,50.06,417.593,61.144,59.9,417.507
61.013,10.02,96.905,61.582,20.05,206.611,62.047,30.03,299.333,61.759,39.99,370.82,61.992,50.02,414.434,61.506,59.93,418.495
61.38,10.01,95.874,61.99,20.06,209.004,62.418,30,294.678,62.17,40.02,370.021,62.39,49.95,412.109,61.887,59.94,418.518
61.738,10.01,101.424,62.391,20.05,207.989,62.82,30,298.012,62.568,40.04,367.78,62.794,49.93,419.285,62.285,60.03,419.622
62.147,9.98,96.923,62.777,19.97,210.545,63.187,30,296.636,62.943,40.02,365.072,63.158,49.93,414.444,62.66,60.06,419.513
62.545,9.98,105.386,63.152,20.03,211.408,63.544,29.98,299.582,63.344,39.99,367.48,63.516,50,413.601,63.063,60.01,415.717
62.909,10.01,101.443,63.518,19.96,203.968,63.948,29.97,300.149,63.748,39.98,370.57,63.893,50,413.18,63.429,60.09,421.365
63.27,9.96,99.687,63.921,19.99,205.107,64.352,29.98,298.261,64.114,39.96,370.105,64.298,50.01,412.338,63.788,60.02,417.069
63.628,9.99,99.725,64.286,19.98,208.724,64.716,30.01,297.316,64.473,39.98,368.245,64.663,50.01,417.709,64.192,59.96,420.624
63.984,10.01,100.864,64.644,20.08,208.113,65.078,30.01,300.776,64.876,40.03,368.759,65.023,50.01,417.392,64.595,59.86,418.062
64.342,10.02,99.781,65.047,20.03,208.278,65.479,30.02,298.893,65.28,40.02,367.697,65.424,50,416.239,64.961,59.96,417.951
64.693,10.03,104.226,65.453,19.95,203.888,65.883,30.01,292.407,65.645,40.02,368.162,65.829,50.03,414.563,65.321,60.04,418.445
65.079,10.03,109.269,65.818,19.92,204.294,66.25,29.98,297.448,66.004,40.02,369.723,66.194,50,415.397,65.724,60.08,416.503
65.445,10,106.948,66.176,20,206.57,66.609,29.96,291.799,66.391,39.98,369.473,66.552,50,414.46,66.109,60.11,413.811
65.848,9.97,98.08,66.553,19.97,206.205,67.011,30,298.012,66.757,39.97,369.855,66.94,50.02,417.611,66.475,60.02,413.445
66.215,9.98,103.743,66.94,20.03,209.336,67.414,30,300.337,67.159,39.97,364.99,67.305,50.01,415.301,66.88,60,413.575
66.574,9.98,104.207,67.321,20.04,208.196,67.78,30,296.002,67.525,39.99,368.842,67.708,50,414.563,67.246,59.97,418.213
66.976,10.02,106.467,67.681,20.02,206.692,68.138,30.01,298.701,67.885,40.02,364.961,68.111,49.97,414.46,67.606,59.91,418.945
67.379,10,104.187,68.084,19.98,206.529,68.515,30.02,299.832,68.261,40.03,368.759,68.478,50.01,413.937,68.007,59.97,417.003
67.745,10,104.747,68.488,19.98,203.645,68.881,30.03,290.292,68.665,40.03,366.819,68.836,50.01,414.887,68.411,59.99,413.733
68.104,10,102.97,68.851,19.98,205.755,69.24,30.01,298.577,69.03,40,367.697,69.239,50.04,407.647,68.774,60.06,415.199
68.464,10.01,100.304,69.212,20.09,207.948,69.617,29.95,295.376,69.388,39.95,365.373,69.644,50.01,413.31,69.136,60.1,415.199
68.819,10,97.502,69.616,20.09,209.448,69.981,29.96,300.397,69.793,39.97,369.223,70.009,49.98,417.091,69.523,60.05,413.741
69.178,9.98,101.367,70.019,19.95,208.361,70.341,29.99,298.261,70.196,40.02,371.165,70.369,49.97,415.307,69.889,59.98,411.071
69.527,10.02,97.484,70.384,19.96,206.815,70.716,30.03,292.559,70.561,40,369.14,70.772,49.96,412.479,70.291,59.98,409.613
69.877,10.02,108.648,70.745,19.96,204.213,71.119,30,295.817,70.919,40.03,371.081,71.176,50.01,414.893,70.657,59.97,415.689
70.226,10,107.068,71.13,19.95,208.278,71.486,30.01,298.83,71.323,40.01,369.223,71.54,50.01,412.273,71.015,59.97,412.909
70.603,9.98,95.892,71.496,20.05,208.155,71.845,29.99,298.826,71.727,40,369.307,71.899,50.01,412.898,71.404,60.04,414.25
71.006,9.97,107.588,71.9,19.95,206.041,72.25,30.02,298.701,72.092,39.99,368.295,72.274,50.02,411.75,71.77,60.02,410.126
71.372,10,103.704,72.265,19.95,206.041,72.653,29.99,299.522,72.451,39.97,366.055,72.642,50,412.692,72.173,60,410.735
71.732,10.01,95.296,72.625,19.99,205.066,73.017,30.01,297.696,72.827,40.02,369.521,72.999,49.96,410.809,72.576,60,408.927
72.136,10.04,100.789,73,20.07,206.123,73.377,29.99,298.768,73.215,40,369.354,73.404,49.97,411.126,72.941,60,411.225
72.539,10.02,102.004,73.389,20.07,207.989,73.78,30.02,296.628,73.598,40.02,368.51,73.807,49.99,410.707,73.301,60,408.328
72.904,9.98,104.226,73.769,20,205.106,74.185,29.99,291.357,73.957,40.01,368.724,74.172,50.03,409.766,73.704,59.97,412.933
73.263,9.98,100.322,74.129,19.94,206.975,74.549,29.99,293.183,74.358,39.95,369.14,74.53,50.07,414.059,74.107,60,407.622
73.651,9.98,100.379,74.533,19.95,206.324,74.909,30.01,296.249,74.762,39.96,364.332,74.908,50.05,411.023,74.473,60.02,410.407
74.013,10.04,104.786,74.919,19.99,205.269,75.311,29.98,296.504,75.128,40.02,368.26,75.272,49.9,414.271,74.832,60.06,407.259
74.364,10.05,109.249,75.301,20.02,203.118,75.716,30.01,299.835,75.486,40.01,368.177,75.632,49.99,413.749,75.237,60,410.158
74.751,10.04,96.96,75.66,20.06,208.879,76.08,29.98,297.255,75.889,40.02,368.807,75.992,49.96,411.449,75.64,60.03,413.422
75.117,10.02,99.743,76.047,20.03,205.837,76.441,29.97,300.21,76.295,40.02,364.467,76.36,49.97,410.193,76.027,60.03,408.605
75.52,10.01,101.462,76.412,20.05,209.739,76.816,30,295.948,76.66,40.03,369.948,76.745,49.99,409.151,76.405,60.07,405.35
75.887,9.98,102.08,76.819,19.98,208.848,77.183,30.02,294.444,77.02,40.01,369.104,77.11,50.07,409.365,76.767,59.98,408.486
76.246,9.98,102.061,77.22,20,203.807,77.542,30.03,291.616,77.422,39.94,366.653,77.475,50.08,410.304,77.172,60.01,408.735
76.622,9.94,99.743,77.586,20,210.518,77.918,30.03,293.747,77.811,39.97,365.013,77.835,50,412.08,77.536,60.11,408.374
76.987,9.98,96.941,77.944,19.98,207.338,78.321,30.01,291.616,78.175,40.02,371.423,78.213,49.96,409.57,77.897,60.15,406.451
77.346,9.97,107.028,78.331,19.96,206.205,78.685,29.99,293.624,78.542,40.02,366.024,78.614,49.95,410.619,78.3,60.11,402.841
77.723,10.02,99.109,78.695,19.98,204.578,79.045,29.97,292.286,78.899,40.01,366.405,78.99,49.98,411.77,78.702,60.22,407.658
78.089,10.05,99.22,79.1,20.02,205.309,79.45,29.96,299.52,79.275,39.99,365.312,79.395,49.98,413.861,79.068,60.37,407.061
78.448,10.02,101.519,79.465,19.94,208.724,79.852,30,299.02,79.679,40.01,369.234,79.76,50,407.488,79.427,60.38,401.409
78.824,9.99,102.564,79.824,20,207.18,80.217,30.02,296.759,80.045,40.02,368.557,80.118,49.97,408.119,79.822,60.66,396.459
79.228,9.99,98.623,80.2,20.01,209.211,80.576,30.03,297.076,80.404,40.02,368.854,80.495,49.96,411.776,80.18,60.67,393.983
79.593,9.99,96.941,80.588,20.06,206.082,80.98,29.97,297.193,80.81,39.96,365.065,80.861,49.97,410.002,80.584,62.06,391.025
79.952,9.98,95.821,80.971,20.02,207.626,81.384,30,295.12,81.21,39.97,368.094,81.223,50.07,410.631,80.989,63.23,381.125
80.34,10,96.923,81.328,19.96,204.619,81.748,29.99,291.236,81.576,39.98,369.021,81.597,49.94,411.776,81.353,64.91,373.092
80.704,10.01,103.646,81.716,20,206.242,82.108,29.99,297.007,81.935,39.99,365.065,81.963,49.93,407.182,81.711,66.66,353.223
81.109,10.03,96.327,82.08,19.99,208.879,82.514,30.01,297.076,82.341,39.99,367.381,82.322,49.99,409.276,82.088,68.21,330.955
81.474,10.01,97.502,82.484,20.02,206.324,82.917,29.99,300.902,82.743,39.99,369.568,82.696,50.1,409.488,82.476,70.28,275.395
81.833,9.97,107.608,82.85,19.99,207.462,83.28,29.99,292.681,83.108,40.01,369.826,83.085,50.11,407.403,82.85,83.34,91.133
82.208,9.95,103.105,83.209,20,204.66,83.641,30.01,299.08,83.468,40.04,368.521,83.466,50.05,404.687,83.216,102.82,58.11
82.598,9.94,100.285,83.602,20.05,207.824,84.042,30,299.52,83.842,40.02,369.067,83.825,50.03,411.259,83.62,74.11,17.389
82.979,10.01,96.887,83.961,20.06,207.989,84.446,30.01,296.813,84.207,40,368.308,84.228,50,407.608,83.986,6.72,0.876
83.338,10.04,99.836,84.364,20,205.066,84.833,30,292.179,84.568,39.99,365.065,84.615,49.91,409.899,84.345,5.72,0.511
83.724,10.02,99.276,84.767,19.94,203.198,85.198,30,291.54,84.972,40,367.298,85.007,49.9,411.156,84.747,5.25,0
84.09,10,102.004,85.133,19.92,209.698,85.573,30,291.434,85.373,40,367.215,85.394,49.96,408.866,85.152,5.22,0
84.492,9.98,100.939,85.492,19.98,210.351,85.979,29.98,293.428,85.74,40,364.22,85.76,50.02,403.245,85.516,5.2,0
84.857,9.94,102.526,85.868,20.06,207.42,86.343,30.02,290.993,86.1,40.01,364.9,86.163,50.04,409.807,85.875,5.19,0
85.218,9.97,97.465,86.234,20.05,206.365,86.705,30.01,299.711,86.475,39.99,367.132,86.528,50.02,410.223,86.237,4.63,0
85.594,9.98,103.125,86.595,20,202.143,87.105,29.99,298.074,86.879,40,367.381,86.888,50,406.994,86.6,4.61,0
85.96,10.02,105.386,86.981,19.93,204.173,87.494,29.96,296.952,87.243,39.99,365.363,87.29,50.02,410.433,87.005,4.59,0
86.32,10.03,104.168,87.344,19.99,204.822,87.857,29.99,297.324,87.603,39.99,363.973,87.678,50.02,406.789,87.392,4.6,0
86.722,10.02,101.311,87.749,19.96,206.934,88.263,29.99,297.634,87.989,39.99,366.123,88.044,50,409.077,87.768,4.63,0
87.126,10.05,95.874,88.152,19.99,203.807,88.628,30,295.94,88.357,39.98,366.206,88.446,49.98,405.022,88.134,4.66,0
87.491,10.04,100.304,88.517,20.04,207.098,88.987,30.02,297.391,88.758,39.99,363.809,88.812,49.99,402.951,,,
87.849,10.01,98.044,88.877,20.05,204.944,89.39,30.02,296.821,89.124,40,367.595,89.172,49.99,409.395,,,
88.226,10.01,99.183,89.28,19.96,204.537,89.779,30,296.064,89.484,40.02,366.551,89.574,49.99,404.198,,,
88.592,9.96,96.96,89.667,20.03,206.488,90.169,30,298.958,89.859,40.04,366.966,89.978,50,407.628,,,
88.95,9.98,108.128,90.06,20.03,208.848,90.574,29.99,291.936,90.248,40.01,366.503,90.343,50.02,405.446,,,
89.311,10,108.169,90.447,19.98,207.626,90.975,29.99,292.254,90.629,39.99,366.669,90.703,50.02,408.567,,,
89.678,10.01,94.735,90.812,20.04,203.198,91.34,29.99,299.147,90.987,39.99,365.875,91.107,49.99,409.189,,,
90.079,9.99,107.028,91.215,19.95,204.741,91.701,29.99,298.833,91.374,39.99,364.57,91.507,49.98,405.555,,,
90.445,9.97,94.789,91.604,19.92,209.004,92.103,29.99,299.27,91.741,39.99,364.702,91.874,50,409.814,,,
90.811,9.97,103.125,91.979,20.02,210.947,92.508,30,299.208,92.145,39.98,367.345,92.235,50.02,403.478,,,
91.207,9.98,105.927,92.343,20.05,203.564,92.875,30.01,298.83,92.508,40,365.958,92.638,49.99,406.699,,,
91.611,10.02,100.266,92.733,20.06,208.155,93.232,30.01,291.13,92.868,39.99,366.634,93.042,50.02,408.673,,,
91.977,10,96.435,93.096,19.95,207.585,93.636,30.01,291.251,93.272,39.99,366.634,93.406,50.01,405.351,,,
92.336,10,95.857,93.501,19.97,209.253,94.039,29.98,297.448,93.675,40.03,365.412,93.766,49.98,406.386,,,
92.712,9.98,103.144,93.865,19.97,205.513,94.404,30,291.631,94.041,40.02,365.923,94.171,49.97,406.494,,,
93.1,9.95,101.481,94.225,20.04,205.554,94.765,30.01,294.76,94.402,40,366.468,94.555,50.02,403.282,,,
93.465,10,99.743,94.612,20.05,207.139,95.167,30.01,296.766,94.803,39.99,361.384,94.921,50,405.357,,,
93.842,10.01,99.201,94.978,20.04,207.783,95.57,29.99,294.187,95.208,39.98,365.495,95.324,50.02,405.669,,,
94.244,10.03,101.405,95.38,20.04,203.686,95.938,29.97,299.21,95.573,39.98,368.4,95.691,49.99,401.623,,,
94.609,10.09,97.502,95.746,20.02,208.237,96.296,29.98,297.138,95.932,39.99,361.384,96.049,49.98,404.629,,,
94.969,10.06,106.507,96.106,19.9,207.344,96.698,30.03,295.639,96.309,40.05,367.392,96.454,49.96,408.158,,,
95.372,10.03,107.128,96.481,19.92,208.031,97.104,30.02,299.145,96.675,40.01,367.013,96.856,49.99,405.05,,,
95.759,9.99,95.278,96.847,19.99,205.554,97.489,29.99,295.068,97.033,40,363.15,97.222,50,408.055,,,
96.125,9.91,102.08,97.206,20.01,209.781,97.871,29.99,297.893,97.41,39.99,366.385,97.582,50.02,403.704,,,
96.527,9.93,102.08,97.582,20.05,205.391,98.231,30,297.64,97.774,39.98,364.157,97.985,49.99,407.849,,,
96.895,10.01,99.238,97.971,19.95,205.878,98.632,29.99,294.822,98.134,39.97,366.847,98.39,50,399.559,,,
97.255,10.03,103.163,98.349,19.97,205.269,99.037,30.02,299.333,98.509,39.98,362.442,98.754,50,400.702,,,
97.656,10.01,102.042,98.709,20.04,204.254,99.401,30.01,287.502,98.913,40.02,363.53,99.114,49.99,408.678,,,
98.044,10.01,100.472,99.098,20.03,207.215,99.76,29.99,296.574,99.279,40.02,362.442,99.516,50.02,407.746,,,
98.435,9.95,101.462,99.466,20.04,206.041,100.164,29.96,292.498,99.639,40.03,366.763,99.919,49.99,404.226,,,
98.822,9.92,103.086,99.866,20,206.57,100.567,29.99,292.694,100.044,40.02,365.212,100.308,49.99,401.226,,,
99.188,9.93,100.92,100.231,19.98,209.294,100.933,29.99,290.353,100.444,39.97,363.827,100.672,50,403.92,,,
99.591,10.03,105.327,100.592,19.98,203.48,101.293,30,294.321,100.809,39.98,364.206,101.049,49.99,403.194,,,
99.956,10.09,103.685,100.969,19.96,208.766,101.696,30.03,294.699,101.172,39.98,366.218,101.452,50.02,404.334,,,
100.316,10.03,102.042,101.335,19.96,205.513,102.099,30.04,299.96,101.573,40.03,366.93,101.817,50.01,405.264,,,
100.719,9.97,100.902,101.693,20.03,207.709,102.464,29.99,295.253,101.977,40.01,366.68,102.175,50,402.163,,,
101.106,9.96,103.182,102.068,20.04,206.082,102.825,29.97,296.945,102.343,39.98,361.6,102.552,50,399.993,,,
101.472,9.93,98.623,102.457,20.02,209.573,103.228,29.99,297.826,102.703,39.97,364.964,102.917,49.99,398.237,,,
101.875,10.06,98.099,102.837,20.06,206.324,103.629,30,298.141,103.105,39.99,365.591,103.277,50,400.406,,,
102.241,10.02,100.285,103.196,19.99,208.641,104.017,29.98,292.071,103.507,40.01,362.442,103.653,49.99,404.751,,,
102.6,10.03,101.519,103.583,19.88,205.35,104.383,30.01,298.771,103.895,40.01,364.206,104.058,50,403.613,,,
102.987,9.98,99.183,103.948,19.92,205.391,104.757,30.01,297.453,104.279,40.02,365.969,104.422,50,402.684,,,
103.352,10,98.117,104.352,20.05,210.754,105.161,30,295.955,104.635,40.01,368.528,104.782,50,404.649,,,
103.756,10.04,99.257,104.74,20.03,206.893,105.527,29.99,298.768,105.039,40.01,365.212,105.184,49.98,400.929,,,
104.121,9.94,104.304,105.115,20.06,207.297,105.886,29.98,295.13,105.405,39.98,363.118,105.587,49.99,405.27,,,
104.48,10,99.201,105.48,20.01,210.587,106.264,30,294.514,105.764,39.97,361.57,105.952,50.01,400.935,,,
104.856,10.06,102.545,105.867,20.05,207.256,106.664,30.01,292.388,106.141,39.99,365.425,106.313,50,401.45,,,
105.245,10.07,100.322,106.233,19.99,206.488,107.042,30.01,295.893,106.544,40.01,364.585,106.714,49.99,401.348,,,
105.626,10.08,98.696,106.635,19.99,208.435,107.446,30.01,295.13,106.911,40.03,364.715,107.119,50.01,403.826,,,
105.985,9.97,99.294,107.001,19.94,205.066,107.811,29.98,292.254,107.269,40.01,364.964,107.484,49.99,404.341,,,
106.387,9.98,96.525,107.362,19.97,209.377,108.17,29.98,291.827,107.672,40.02,366.514,107.844,50,404.344,,,
106.755,9.83,101.985,107.765,19.99,208.559,108.547,30.01,292.95,108.075,39.99,365.803,108.231,50.01,401.145,,,
107.113,9.92,107.068,108.169,20.05,207.18,108.949,30.02,290.613,108.441,39.97,362.277,108.597,50.01,404.756,,,
107.488,10.02,106.467,108.534,20.03,207.256,109.315,30,293.808,108.801,39.98,365.046,108.998,50.02,405.479,,,
107.894,10.08,107.528,108.894,20.04,207.338,109.674,29.99,298.204,109.204,40.01,366.265,109.404,50,400.839,,,
108.258,10.07,101.443,109.28,20.01,204.659,110.078,30,291.115,109.605,40.02,364.964,109.768,49.99,397.43,,,
108.617,10.01,98.696,109.645,19.97,204.537,110.484,30.01,291.069,109.972,40.02,365.471,110.128,50,400.839,,,
109.021,9.97,98.623,110.049,19.98,207.18,110.846,30.02,295.138,110.331,40,359.561,110.531,50.01,400.015,,,
109.425,9.98,100.416,110.454,19.9,206.733,111.205,30,296.079,110.737,39.98,366.892,110.936,50,397.338,,,
109.788,10.01,99.201,110.816,19.93,208.879,111.61,29.97,289.065,111.139,39.97,364.502,111.321,49.99,401.872,,,
110.148,10.01,98.062,111.178,20.06,206.934,112.013,30,299.02,111.506,40.01,362.113,111.689,49.98,400.738,,,
110.553,10,104.826,111.581,20.03,210.587,112.377,30.02,299.898,111.866,40,364.715,112.062,49.99,397.65,,,
110.956,10.01,98.696,111.984,20.04,207.544,112.737,30.01,296.759,112.268,40.02,361.436,112.466,49.97,400.534,,,
111.322,10,105.986,112.348,20.04,209.211,113.142,29.99,299.71,112.669,40.02,363.167,112.832,50.01,399.715,,,
111.681,9.98,94.771,112.707,19.98,210.309,113.519,29.99,296.134,113.034,40.02,363.167,113.191,50.04,402.287,,,
112.084,10.02,95.874,113.113,19.99,206.041,113.895,29.97,295.701,113.395,39.97,363.875,113.594,50.05,401.052,,,
112.49,10.01,105.366,113.514,20.03,210.88,114.297,29.99,297.83,113.773,39.97,363.958,113.998,50.02,401.052,,,
112.853,10,99.799,113.881,19.98,205.676,114.673,30,297.457,114.138,39.95,365.259,114.364,50,403.935,,,
113.212,9.96,99.183,114.24,20.03,204.537,115.076,30.01,296.332,114.497,39.98,364.006,114.723,50,403.523,,,
113.589,9.92,103.627,114.642,20.03,205.309,115.442,30.01,296.332,114.898,40.04,363.71,115.099,50,404.655,,,
113.978,10.02,103.086,115.049,19.98,207.907,115.8,30.01,296.832,115.304,40.06,365.72,115.486,50,403.215,,,
114.342,10.06,97.014,115.435,19.91,206.242,116.175,30.01,296.456,115.668,40.02,363.414,115.853,50,403.318,,,
114.717,10.02,95.278,115.81,19.97,206.365,116.58,30,296.141,116.028,39.98,362.953,116.227,50.01,403.832,,,
115.12,10.03,107.148,116.175,20.04,207.256,116.944,29.98,294.505,116.403,39.96,364.467,116.631,49.98,402.803,,,
115.487,10.04,98.135,116.562,20.01,206.852,117.304,29.96,294.391,116.771,39.98,359.695,117.033,50,403.832,,,
115.846,10.02,100.92,116.928,20.04,206.283,117.709,29.98,298.521,117.129,40,364.844,117.399,50.01,399.822,,,
116.22,9.89,97.032,117.331,19.99,207.42,118.111,30,291.054,117.505,40.02,365.01,117.759,50.02,396.43,,,
116.57,9.89,99.818,117.697,19.98,205.431,118.478,30.03,294.003,117.908,40.01,360.104,118.162,50.01,400.953,,,
116.973,10.05,99.818,118.057,20.04,206.406,118.835,30.02,298.334,118.274,40.01,365.766,118.566,49.96,400.131,,,
117.339,10.08,104.226,118.459,19.96,206,119.239,30.01,296.196,118.634,39.98,362.08,118.93,49.96,400.131,,,
117.698,10.08,99.183,118.846,19.95,203.847,119.646,30,296.766,119.037,39.96,363.545,119.291,49.97,401.88,,,
118.086,10.02,98.135,119.227,20.04,203.48,120.008,30.01,298.459,119.441,40,366.687,119.694,49.99,403.01,,,
118.45,9.92,105.907,119.586,19.99,207.667,120.366,29.98,296.072,119.805,39.99,363.297,120.097,50.01,397.771,,,
118.854,9.91,104.285,119.991,20.05,207.626,120.771,30.01,297.771,120.166,39.95,368.153,120.463,50,396.645,,,
119.256,9.95,96.887,120.395,20.03,209.253,121.158,30,296.134,120.568,40.12,364.761,120.821,49.98,402.804,,,
119.623,10.08,98.044,120.758,20.03,209.004,121.522,30,297.205,120.971,40.05,366.604,121.196,50,401.06,,,
119.982,10.07,103.608,121.119,20,209.045,121.888,30.01,296.332,121.335,39.95,358.774,121.585,50.07,398.905,,,
120.37,10.04,99.146,121.505,20.01,206.651,122.254,30.01,289.505,121.694,39.95,365.388,121.967,50.06,398.495,,,
120.734,9.99,96.471,121.871,19.94,203.198,122.624,29.99,295.015,122.1,39.98,365.599,122.329,50,398.186,,,
121.139,9.95,98.678,122.28,19.96,206.365,122.989,29.99,297.014,122.492,40.03,365.433,122.731,49.96,400.854,,,
121.502,9.97,103.743,122.664,19.96,208.237,123.348,30,296.394,122.852,39.93,364.052,123.133,49.95,398.495,,,
121.862,9.93,105.967,123.043,19.89,204.618,123.708,29.97,293.206,123.216,39.93,360.831,123.497,49.98,396.955,,,
122.252,10.01,98.08,123.402,20.08,205.715,124.074,29.97,297.081,123.577,39.96,365.644,123.857,50,401.573,,,
122.642,10.06,104.246,123.805,20.11,206.77,124.479,30.01,296.084,123.952,40.16,360.666,124.259,49.98,400.445,,,
123.017,10.06,105.947,124.193,20.09,207.379,124.844,30.04,296.202,124.356,40.05,363.887,124.664,50,398.705,,,
123.403,10.04,102.622,124.584,20,205.107,125.203,29.99,296.141,124.72,39.93,362.047,125.029,50.07,401.163,,,
123.771,10.03,100.977,124.971,19.88,210.101,125.606,29.98,297.019,125.08,39.95,365.35,125.388,50.08,397.78,,,
124.173,9.94,96.507,125.338,19.88,204.173,126.01,30,295.831,125.466,40.08,361.751,125.791,50.04,398.908,,,
124.538,9.88,103.724,125.742,19.94,208.269,126.373,29.99,294.329,125.835,40.08,365.139,126.194,49.97,399.114,,,
124.898,10,106.567,126.105,20.06,204.132,126.733,29.98,298.271,126.235,39.9,361.751,126.558,49.97,400.446,,,
125.284,10.07,104.865,126.466,20.1,208.879,127.109,29.99,298.332,126.601,39.93,364.973,126.919,49.93,398.908,,,
125.651,10.01,102.042,126.869,20.05,205.633,127.475,30.01,298.772,126.96,40.05,364.513,127.322,49.95,393.586,,,
126.054,10.02,104.845,127.256,20.03,209.377,127.834,30.04,296.522,127.335,40.11,360.042,127.727,49.99,396.453,,,
126.42,10.05,105.445,127.623,19.99,206.324,128.212,30.04,296.017,127.702,40.02,366.06,128.091,50.06,397.069,,,
126.779,9.91,93.158,128.01,19.98,203.158,128.613,29.98,296.77,128.061,39.95,358.99,128.45,50.11,396.25,,,
127.156,9.89,95.892,128.39,19.91,205.594,128.979,29.97,298.772,128.437,39.93,364.052,128.853,50.1,396.967,,,
127.52,9.93,103.724,128.749,19.91,206.934,129.34,29.97,295.007,128.805,39.92,359.286,129.256,50.11,400.241,,,
127.879,10.09,107.028,129.153,20.06,209.17,129.743,29.99,293.206,129.163,40.08,363.427,129.621,49.93,394.607,,,
128.238,10.1,108.668,129.54,20.05,204.66,130.147,30.05,290.082,129.539,40.06,359.368,129.981,49.86,393.996,,,
128.595,10.09,99.818,129.905,20.11,206.852,130.511,30.04,296.58,129.905,40.03,362.259,130.357,49.9,396.043,,,
128.956,10.01,104.323,130.281,19.97,205.715,130.87,29.97,294.768,130.265,40.02,361.587,130.723,49.9,398.195,,,
129.36,9.92,102.679,130.685,19.96,208.393,131.273,29.96,289.307,130.64,39.9,363.214,131.082,50.02,394.209,,,
129.722,9.94,103.782,131.087,19.97,204.173,131.677,29.99,296.89,131.043,40.01,365.056,131.46,50.04,397.379,,,
130.083,10,99.799,131.451,20.01,210.754,132.066,30.01,297.138,131.408,40.05,362.884,131.861,50.09,391.655,,,
130.46,10,97.593,131.812,19.98,207.139,132.44,30,293.635,131.77,39.95,365.56,132.227,50,399.934,,,
130.827,10.07,97.05,132.2,20.03,207.057,132.804,30.03,290.203,132.157,39.96,360.666,132.587,49.95,400.036,,,
131.186,10.02,96.417,132.566,19.96,208.766,133.191,30,293.829,132.52,40.02,364.347,132.974,49.95,395.335,,,
131.562,10,102.641,132.968,19.97,210.309,133.556,30.01,295.578,132.925,40.01,361.044,133.341,49.99,399.525,,,
131.926,9.92,102.564,133.334,20.05,205.96,133.961,29.99,295.323,133.291,40.01,364.264,133.744,50.03,392.064,,,
132.284,9.99,104.246,133.694,20.03,210.059,134.325,29.97,294.329,133.65,40.04,358.908,134.108,50.01,397.584,,,
132.662,10.04,106.527,134.069,20,204.7,134.685,29.97,297.896,134.053,39.99,364.43,134.467,50.02,394.214,,,
133.065,10.01,104.943,134.434,19.97,204.578,135.088,29.99,298.834,134.456,39.98,360.37,134.842,50.04,397.89,,,
133.43,9.96,103.163,134.794,19.96,205.755,135.493,30.01,296.022,134.821,39.97,362.719,135.231,50.03,391.662,,,
133.79,9.93,101.985,135.17,19.99,206.242,135.859,30.01,293.012,135.18,39.98,360.124,135.612,50.05,392.58,,,
134.195,10.03,103.666,135.535,20.03,209.532,136.218,30.01,296.456,135.539,40,364.181,135.972,49.99,398.094,,,
134.579,10.08,102.08,135.895,20.04,207.18,136.62,30.05,295.584,135.906,40,358.203,136.374,50,398.911,,,
134.961,10.03,102.622,136.273,19.98,204.985,137.024,30.01,296.512,136.31,40.04,363.555,136.778,49.99,396.155,,,
135.322,9.93,106.647,136.674,20.01,203.4,137.412,30,290.932,136.674,40.04,365.77,137.143,49.97,396.87,,,
135.724,10,106.567,137.04,20.02,205.472,137.794,29.96,297.333,137.033,39.98,364.558,137.502,49.98,391.461,,,
136.128,10.07,100.958,137.399,20.04,211.366,138.152,29.95,293.083,137.437,39.98,359.041,137.906,50,395.85,,,
136.493,9.96,100.435,137.787,19.99,206.529,138.556,29.96,291.936,137.84,39.97,360.666,138.311,50,392.278,,,
136.854,9.93,99.836,138.15,19.97,206.77,138.921,29.97,290.006,138.207,39.97,359.041,138.675,49.98,394.524,,,
137.256,9.94,105.465,138.556,19.96,203.158,139.279,30.02,296.828,138.565,40.04,362.636,139.035,49.96,394.218,,,
137.643,9.95,104.747,138.921,20.02,211.517,139.656,30.07,298.209,138.969,40.01,363.013,139.422,50.01,393.2,,,
138.006,10.05,106.006,139.279,20.03,210.545,140.021,30.03,296.89,139.373,40.08,364.392,139.786,50.02,389.936,,,
138.358,10.09,103.202,139.655,20.01,209.49,140.38,30.06,294.892,139.737,40.04,358.877,140.19,50.05,394.934,,,
138.761,10.09,99.836,140.043,19.99,207.297,140.756,29.96,294.945,140.095,39.98,363.555,140.556,50.04,395.953,,,
139.128,9.96,100.379,140.424,19.96,205.878,141.16,29.97,297.83,140.471,39.95,361.717,140.915,50,397.176,,,
139.485,10.01,104.865,140.783,19.96,206.365,141.527,29.94,298.584,140.861,39.96,358.959,141.291,49.99,396.361,,,
139.862,9.95,104.323,141.171,20.03,207.098,141.885,30.02,293.195,141.242,39.94,363.555,141.656,49.99,390.451,,,
140.227,10.06,99.855,141.535,20.03,207.667,142.29,30.01,297.833,141.601,40.04,361.929,142.017,49.98,395.444,,,
140.587,9.93,105.426,141.939,20.04,205.513,142.692,30.05,296.584,142.004,39.99,361.681,142.393,49.98,393.712,,,
140.991,9.9,96.453,142.305,19.95,206.733,143.058,29.99,296.079,142.369,40.04,361.929,142.795,49.98,390.451,,,
141.392,10.04,103.221,142.665,19.95,207.098,143.417,29.96,295.955,142.729,40.03,357.121,143.162,49.96,394.529,,,
141.76,10.08,101.5,143.042,20.03,204.009,143.821,29.96,294.329,143.143,39.99,363.683,143.52,50.03,390.05,,,
142.118,10.09,98.696,143.43,20.03,206,144.225,29.99,295.645,143.525,39.95,361.717,143.923,50.03,395.546,,,
142.493,10,98.19,143.804,20.03,207.462,144.591,30.02,297.084,143.884,40.01,363.683,144.328,50.05,394.63,,,
142.86,9.96,99.313,144.169,20.02,209.004,144.95,30.01,297.084,144.287,40.01,363.39,144.692,50.04,393.509,,,
143.219,9.9,100.416,144.558,20.02,207.256,145.352,30.04,292.376,144.653,40.01,363.849,145.053,49.99,396.157,,,
143.579,10.01,101.519,144.922,20,205.755,145.741,30.08,296.146,145.011,39.98,363.6,145.457,50,393.206,,,
143.943,10,105.465,145.311,19.97,205.796,146.104,29.99,295.763,145.372,39.99,362.93,145.859,50,392.291,,,
144.294,10.06,107.108,145.692,19.99,206.811,146.47,29.98,296.832,145.737,39.98,360.928,146.224,50.02,389.849,,,
144.697,10.02,98.172,146.052,19.96,211.241,146.829,29.94,295.831,146.14,40,363.141,146.584,50,393.714,,,
145.085,9.92,100.939,146.438,20.01,204.985,147.205,29.96,298.772,146.508,40.04,361.47,146.97,49.96,392.392,,,
145.465,9.91,104.865,146.803,20.01,209.739,147.571,30,298.271,146.866,40.04,363.141,147.335,49.99,388.835,,,
145.826,10.09,102.023,147.206,20.03,207.18,147.931,30.06,295.145,147.269,39.95,358.255,147.74,50,394.326,,,
146.228,10.01,97.538,147.573,19.92,205.513,148.307,30.03,290.886,147.674,39.98,361.764,148.142,49.99,390.668,,,
146.632,9.98,102.099,147.931,19.98,207.667,148.709,29.99,296.079,148.037,40.01,361.175,148.508,49.99,387.922,,,
146.998,9.96,99.874,148.307,20.03,210.059,149.076,29.98,293.257,148.396,40.01,364.225,148.868,49.99,395.343,,,
147.356,10.02,101.5,148.672,20.02,207.379,149.436,29.99,294.583,148.772,40.05,358.173,149.271,49.98,391.175,,,
147.706,10.03,102.042,149.034,20.04,208.393,149.839,29.99,299.397,149.139,40.04,362.893,149.674,50.02,391.786,,,
148.081,9.97,104.865,149.41,20.03,206.201,150.243,29.97,294.268,149.498,39.97,356.499,150.04,50.02,394.022,,,
148.43,10.03,98.733,149.774,20.04,206.041,150.607,29.99,291.069,149.902,39.96,362.306,150.402,50.01,391.991,,,
148.819,9.98,101.481,150.133,19.93,208.879,150.965,30,297.395,150.304,39.97,359.468,150.802,50.01,392.498,,,
149.21,10,100.341,150.509,19.97,208.072,151.37,30.03,298.02,150.67,39.98,364.059,151.206,50.04,393.311,,,
149.614,9.99,99.836,150.874,20.04,206.324,151.773,30.01,295.639,151.03,40.01,360.222,151.571,50.05,389.147,,,
149.979,10.04,98.733,151.233,19.98,205.674,152.161,29.98,294.96,151.406,40.05,363.517,151.931,49.99,391.279,,,
150.339,10.03,99.294,151.61,19.91,208.879,152.536,30.04,297.022,151.809,40.03,362.599,152.307,49.99,394.022,,,
150.715,10,103.298,151.977,20.03,208.879,152.902,30,299.022,152.173,40.02,363.6,152.695,49.99,391.584,,,
151.118,9.97,100.939,152.335,20.02,205.919,153.304,29.99,297.896,152.535,39.95,364.142,153.076,49.99,388.54,,,
151.484,9.96,102.602,152.712,20.04,209.615,153.67,30.04,293.257,152.936,39.95,359.009,153.434,50,389.352,,,
151.844,10.04,100.435,153.114,20.03,207.18,154.029,29.99,295.707,153.34,40.02,362.14,153.839,50.01,391.382,,,
152.246,10,101.576,153.48,19.98,204.009,154.432,29.92,294.259,153.705,40.01,361.434,154.204,49.99,392.093,,,
152.648,9.99,104.382,153.841,19.99,205.594,154.821,29.93,297.896,154.064,40.01,361.764,154.564,50.01,393.615,,,
153.015,10,98.733,154.227,20.02,205.554,155.186,30.04,299.022,154.47,39.96,356.714,154.938,50,388.846,,,
153.373,9.97,100.977,154.592,19.91,204.497,155.588,30.05,290.386,154.871,39.96,361.599,155.342,50.01,392.702,,,
153.75,9.97,100.379,154.996,19.98,206.611,155.954,30.03,289.521,155.237,40.02,360.516,155.709,49.99,391.891,,,
154.116,10.01,105.986,155.382,19.98,208.031,156.313,29.98,291.705,155.596,39.98,361.434,156.067,50.06,375.234,,,
154.476,10.01,100.416,155.764,20.04,207.462,156.717,29.98,290.021,155.999,39.99,361.351,156.474,56.75,389.45,,,
154.852,10.03,98.715,156.123,20.04,204.173,157.119,29.98,291.766,156.405,40,362.561,156.873,52.74,373.812,,,
155.215,9.94,105.485,156.526,20.03,208.517,157.485,30.02,292.766,156.769,40.06,363.186,157.24,49.24,362.635,,,
155.575,9.97,103.704,156.914,19.98,205.228,157.845,30.04,290.006,157.127,40.01,360.058,157.598,47.08,361.465,,,
155.951,10.07,103.685,157.296,20.04,206.77,158.248,29.98,290.203,157.505,39.99,361.434,158.003,46.83,367.556,,,
156.317,10,104.304,157.654,20,205.715,158.651,30.04,297.459,157.868,39.97,363.644,158.404,47.71,369.1,,,
156.677,10.02,105.406,158.059,20.01,203.319,159.015,29.97,291.021,158.228,39.97,361.892,158.772,49.78,381.355,,,
157.053,10.01,104.806,158.461,19.99,207.221,159.377,30,297.646,158.632,39.99,361.058,159.13,50.6,384.928,,,
157.418,9.98,100.939,158.826,19.93,206.082,159.782,29.96,291.949,159.035,40.07,363.02,159.534,51.24,381.102,,,
157.777,9.97,103.182,159.186,20.04,201.446,160.167,30.03,292.521,159.4,39.98,357.764,159.936,51.05,382.175,,,
158.153,10.04,101.034,159.589,19.99,207.139,160.533,30,297.143,159.762,39.97,360.728,160.301,50.75,374.193,,,
158.542,10.01,98.19,159.994,19.98,208.807,160.897,30.02,295.207,160.136,39.99,361.351,160.66,49.87,360.178,,,
158.923,9.97,102.137,160.359,19.98,207.626,161.257,29.97,296.894,160.502,39.98,358.436,161.037,54.6,352.662,,,
159.282,10.04,102.641,160.719,20.03,209.864,161.634,29.97,297.459,160.86,40.08,361.727,161.403,59.21,352.7,,,
159.685,10.01,103.24,161.122,20.03,207.585,162.038,29.98,296.956,161.235,40.04,358.06,161.763,50.83,244.102,,,
160.088,9.99,98.733,161.524,19.98,206.242,162.402,30.01,295.398,161.642,39.99,361.727,162.139,83.45,11.983,,,
160.453,9.96,103.724,161.914,19.96,204.782,162.764,30.04,297.022,162.004,40.06,356.847,162.543,69.01,22.092,,,
160.812,9.99,100.397,162.289,20.02,205.269,163.165,30.01,294.022,162.364,40,361.14,162.908,48.94,14.928,,,
161.162,10,100.977,162.653,20.02,202.67,163.568,30.01,297.143,162.769,40.06,363.186,163.265,36.14,17.597,,,
161.551,10,104.963,163.042,19.98,205.187,163.933,29.97,289.961,163.171,39.91,361.975,163.67,36.09,20.354,,,
161.914,10,100.435,163.406,19.98,206.811,164.292,29.98,297.395,163.538,39.92,358.518,164.074,28.24,14.981,,,
162.319,10.04,98.209,163.772,19.98,207.907,164.696,29.97,287.882,163.898,40.04,358.518,164.44,23.67,13.019,,,
162.721,10.01,101.557,164.131,19.98,205.755,165.083,30,291.399,164.3,39.99,363.103,164.797,13.95,0,,,
163.086,10,102.66,164.508,20.06,209.087,165.449,29.98,294.206,164.704,40.03,358.518,165.174,14,0,,,
163.447,9.99,102.602,164.911,20.02,205.025,165.815,30.03,294.46,165.071,39.98,360.352,165.54,13.63,0,,,
163.835,9.95,101.481,165.274,20.01,207.139,166.175,30.02,294.953,165.43,39.94,359.271,165.898,11.41,0,,,
164.2,10.01,106.627,165.635,19.94,205.066,166.55,30.03,293.276,165.805,40.04,361.021,166.288,0,0,,,
164.604,9.96,102.099,166.022,20.01,206.57,166.955,30,290.689,166.192,39.98,360.187,166.652,0,0,,,
164.97,10.04,101.015,166.387,20.03,203.686,167.318,30,290.899,166.574,39.99,359.811,167.056,0,0,,,
165.328,10.01,103.221,166.79,19.93,205.755,167.677,29.96,294.83,166.934,40.04,362.351,167.459,0,0,,,
165.704,10.02,98.19,167.157,20.03,209.893,168.082,29.99,296.022,167.335,40.01,357.306,167.823,0,0,,,
166.07,10.01,99.818,167.515,20,205.715,168.486,30.01,291.899,167.702,40.04,361.562,168.183,0,0,,,
166.428,9.98,103.221,167.89,19.98,205.919,168.85,30.01,292.388,168.061,39.98,357.978,168.585,0,0,,,
166.805,10,103.743,168.257,20,207.585,169.208,30.03,298.647,168.436,39.94,361.855,168.988,0,0,,,
167.17,10.01,100.435,168.617,20.04,207.18,169.584,30.01,295.516,168.842,39.95,362.103,169.354,0,0,,,
167.53,10,100.416,168.993,20.03,206.611,169.949,30.03,289.021,169.207,40.01,356.521,169.716,0,0,,,
167.906,9.94,98.172,169.358,20.03,207.098,170.31,30,289.4,169.565,40.01,356.521,170.116,0,0,,,
168.309,9.94,106.006,169.717,19.98,207.626,170.713,29.96,295.712,169.968,40.03,356.816,170.502,0,0,,,
168.674,10.02,102.118,170.094,19.99,211.408,171.117,30.01,296.518,170.373,40.03,360.774,170.868,0,0,,,
169.034,10.06,102.622,170.483,19.99,206.365,171.483,30,297.208,170.738,40.04,356.816,,,,,,
169.421,10.03,105.927,170.862,19.93,205.269,171.84,29.99,295.145,171.099,40.04,360.939,,,,,,
169.786,10,102.099,171.222,20,207.824,172.218,30,296.084,171.501,39.98,360.645,,,,,,
170.191,10,98.733,171.625,20.05,206.283,172.622,29.97,292.083,171.889,39.99,356.603,,,,,,
170.555,10.01,102.118,172.027,20.01,208.435,172.985,29.97,294.329,172.28,39.99,359.565,,,,,,
170.914,10.02,99.276,172.394,20.01,208.921,173.345,30.01,297.081,172.666,39.97,357.356,,,,,,
171.29,10,100.996,172.753,19.97,205.391,173.747,29.99,296.022,173.032,39.98,362.396,,,,,,
171.656,9.91,100.958,173.141,20.03,204.294,174.152,30.03,295.774,173.437,39.98,357.193,,,,,,
172.015,10.01,100.996,173.504,20.05,205.513,174.517,30,297.21,173.8,40.03,361.479,,,,,,
172.375,10.05,103.763,173.908,19.96,205.025,174.875,30.03,294.713,174.161,40.02,360.563,,,,,,
172.742,9.99,102.175,174.297,20.01,209.087,175.28,30.01,291.399,174.537,40.04,358.19,,,,,,
173.144,9.99,103.279,174.677,19.9,207.098,175.684,29.99,298.084,174.925,40,360.563,,,,,,
173.509,9.98,100.454,175.037,19.91,210.226,176.049,29.99,295.522,175.307,39.99,353.825,,,,,,
173.868,9.92,99.257,175.425,20.05,209.615,176.409,29.96,297.457,175.664,39.98,358.272,,,,,,
174.257,10.02,102.641,175.788,20.06,208.683,176.81,29.97,290.021,176.067,39.99,361.232,,,,,,
174.621,10.02,100.977,176.193,20.1,207.907,177.2,30.01,293.328,176.434,39.99,356.063,,,,,,
175.025,10.04,104.362,176.558,20.05,207.303,177.565,30.03,295.96,176.793,39.98,359.94,,,,,,
175.391,10.04,101.5,176.917,20.03,206.611,177.968,30,297.21,177.168,40,361.479,,,,,,
175.75,9.98,99.294,177.319,19.91,208.196,178.334,30,291.338,177.573,40.02,358.239,,,,,,
176.126,10.03,100.958,177.726,19.91,211.534,178.692,29.98,290.264,177.939,40.02,359.776,,,,,,
176.528,9.99,98.715,178.113,19.9,206.77,179.094,30.01,294.768,178.298,40.01,356.114,,,,,,
176.894,9.94,98.227,178.478,19.96,211.727,179.5,29.99,297.833,178.7,40,360.691,,,,,,
177.255,9.92,102.679,178.841,19.99,204.7,179.886,30,296.017,179.104,39.98,360.023,,,,,,
177.656,10.05,103.763,179.203,20.06,206.324,180.263,30,294.136,179.468,40.01,360.233,,,,,,
178.043,10.05,103.182,179.605,20.12,211.517,180.628,30.01,290.006,179.829,39.99,362.23,,,,,,
178.409,10.02,100.902,180.008,20.05,209.448,181.013,30.01,294.892,180.232,40.01,356.49,,,,,,
178.798,10.01,99.874,180.396,20.11,205.96,181.379,30.01,293.451,180.634,39.99,359.693,,,,,,
179.177,10.02,99.294,180.771,19.91,206.852,181.784,30,298.521,181,40,360.691,,,,,,
179.539,10.02,101.538,181.139,19.9,208.237,182.147,30.01,295.145,181.36,39.99,357.029,,,,,,
179.94,9.91,98.733,181.524,20.03,207.016,182.511,30.01,296.456,181.763,39.98,359.94,,,,,,
180.307,9.94,106.026,181.89,19.95,207.18,182.911,30.01,291.705,182.169,40.01,355.869,,,,,,
180.665,10.04,101.557,182.298,19.99,208.724,183.313,29.96,294.514,182.544,40.03,360.233,,,,,,
181.044,10.01,102.66,182.668,20.05,208.237,183.68,29.97,295.836,182.946,40.03,360.316,,,,,,
181.445,9.95,102.156,183.071,20.06,204.7,184.038,30.01,297.022,183.348,40,362.439,,,,,,
181.81,10.11,99.874,183.437,19.92,206.611,184.44,29.99,290.704,183.714,40,359.4,,,,,,
182.172,10.07,105.504,183.795,19.99,205.554,184.844,30.01,296.394,184.074,39.98,357.111,,,,,,
182.58,9.98,103.859,184.171,20.04,208.031,185.21,30.01,295.077,184.477,40.01,360.984,,,,,,
182.977,9.96,105.465,184.56,20.03,210.143,185.568,30,290.446,184.88,39.99,355.198,,,,,,
183.352,10.08,102.66,184.924,19.99,206.365,185.945,30.01,291.888,185.247,40,355.523,,,,,,
183.702,9.94,103.782,185.303,20.02,205.715,186.311,30.01,296.273,185.607,40,360.069,,,,,,
184.105,10,102.175,185.704,19.98,205.878,186.67,29.99,296.894,186.009,39.99,360.691,,,,,,
184.492,10.02,101.633,186.069,19.99,205.269,187.029,29.99,295.96,186.395,40,361.11,,,,,,
184.856,9.92,103.26,186.428,19.98,208.155,187.396,29.98,292.889,186.76,39.99,358.907,,,,,,
185.221,9.91,103.26,186.804,19.99,207.585,187.799,29.99,296.832,187.164,39.98,353.582,,,,,,
185.581,9.97,98.715,187.207,19.95,203.359,188.164,29.99,296.77,187.53,40,359.693,,,,,,
185.942,10.14,102.622,187.572,19.99,210.754,188.522,30.01,298.522,187.889,40.03,359.236,,,,,,
186.308,10.14,98.825,187.933,20.07,204.009,188.927,30.04,289.657,188.292,40.04,356.277,,,,,,
186.709,9.95,99.948,188.319,20.05,207.098,189.33,30.02,289.097,188.696,40.01,359.071,,,,,,
187.076,9.87,105.021,188.684,19.98,209.864,189.695,30,289.961,189.061,40,359.611,,,,,,
187.437,9.89,102.698,189.087,20.02,210.963,190.056,29.99,295.516,189.421,39.99,361.358,,,,,,
187.841,10.04,103.782,189.478,19.95,204.985,190.429,30,294.768,189.825,40.01,359.693,,,,,,
188.243,10.02,99.874,189.851,19.98,203.968,190.835,30.01,291.705,190.227,39.99,359.154,,,,,,
188.608,10.16,99.892,190.219,20.06,203.4,191.199,30.01,291.766,190.592,40,358.157,,,,,,
188.969,10.08,99.892,190.603,20.07,207.016,191.559,30,289.384,190.951,39.99,355.951,,,,,,
189.371,9.91,99.986,190.968,19.96,203.605,191.945,29.96,294.83,191.354,39.99,357.16,,,,,,
189.774,9.89,103.279,191.373,19.95,207.379,192.31,29.99,297.897,191.76,40,358.942,,,,,,
190.14,9.9,101.034,191.737,19.93,205.878,192.713,30.03,294.145,192.123,40,355.869,,,,,,
190.497,9.92,100.416,192.097,20.07,205.837,193.08,29.97,297.019,192.482,39.99,357.911,,,,,,
190.875,10.15,103.704,192.503,20.02,207.866,193.438,30.01,289.279,192.858,39.99,360.069,,,,,,
191.264,10.07,102.08,192.887,19.98,204.7,193.815,29.97,296.708,193.246,39.99,352.668,,,,,,
191.643,10.12,104.982,193.27,20.02,205.878,194.18,29.98,297.022,193.611,40,359.071,,,,,,
192.001,9.93,100.491,193.628,20.02,206.934,194.542,30.01,294.836,193.987,40.01,354.173,,,,,,
192.351,9.97,99.35,194.031,20.03,208.113,194.917,30.04,295.96,194.39,40,360.361,,,,,,
192.726,9.96,103.859,194.435,20.02,207.503,195.319,30.02,297.335,194.757,40,359.071,,,,,,
193.076,10.01,103.859,194.801,20.02,203.44,195.687,29.99,296.022,195.115,40,357.208,,,,,,
193.426,9.93,102.66,195.16,20.01,207.262,196.045,30.02,295.46,195.49,39.99,361.859,,,,,,
193.831,10.05,103.801,195.564,19.92,204.09,196.449,30,294.268,195.895,40.01,357.535,,,,,,
194.217,10.01,103.821,195.951,19.93,208.476,196.854,30.01,290.947,196.26,40,354.335,,,,,,
194.583,10.03,101.576,196.316,20.03,207.379,197.216,29.99,289.718,196.62,40.01,360.488,,,,,,
194.959,9.93,99.93,196.681,20.07,203.44,197.576,29.94,289.279,197.006,40,354.497,,,,,,
195.361,9.98,106.046,197.041,19.95,203.766,197.98,29.98,295.578,197.371,40.01,358.075,,,,,,
195.727,9.99,103.743,197.401,20,205.066,198.383,30.02,296.522,197.776,39.99,359.364,,,,,,
196.085,10.15,104.904,197.767,20.05,206.733,198.771,30.04,294.707,198.141,39.99,360.361,,,,,,
196.488,10.03,107.268,198.154,20.03,211.979,199.151,30.01,288.763,198.499,40.01,357.957,,,,,,
196.893,10,102.698,198.519,19.98,203.601,199.512,30,290.778,198.876,39.99,360.488,,,,,,
197.258,9.92,101.071,198.907,19.91,208.402,199.914,29.99,295.584,199.242,40.02,359.529,,,,,,
197.616,9.99,104.304,199.289,19.98,203.726,200.28,30.02,294.898,199.603,40.02,358.989,,,,,,
197.993,9.92,104.304,199.647,20.01,205.755,200.639,29.99,296.835,199.979,40,358.907,,,,,,
198.359,9.99,103.821,200.052,19.94,208.196,201.014,30,293.39,200.382,40.01,355.005,,,,,,
198.718,10.05,100.977,200.418,20.09,209.615,201.419,29.97,297.522,200.746,39.99,357.993,,,,,,
199.078,10.06,100.996,200.776,19.99,207.338,201.783,29.99,296.584,201.107,40.02,359.2,,,,,,
199.445,10.08,106.686,201.152,20,209.17,202.144,29.99,295.96,201.494,39.98,357.29,,,,,,
199.847,10.09,101.671,201.554,20.01,207.667,202.545,29.99,296.332,201.858,39.97,360.196,,,,,,
200.213,9.96,101.595,201.92,19.96,208.237,202.933,30.01,298.834,202.263,39.99,353.797,,,,,,
200.572,9.9,99.517,202.28,19.98,205.594,203.298,30,292.46,202.628,40.04,355.249,,,,,,
200.977,9.86,101.034,202.681,20.04,207.709,203.664,30.04,292.583,202.987,40.01,360.488,,,,,,
201.379,9.91,100.435,203.086,20.08,204.741,204.025,30.05,289.505,203.39,39.98,354.792,,,,,,
201.745,10.13,106.105,203.453,20.06,205.798,204.398,30,295.645,203.777,39.97,354.01,,,,,,
202.104,10.09,103.821,203.81,19.96,206.164,204.804,29.97,292.644,204.144,40.02,359.035,,,,,,
202.491,9.95,103.279,204.186,19.99,205.757,205.168,29.99,295.454,204.547,40.05,360.653,,,,,,
202.857,10.01,100.454,204.576,20.01,205.066,205.526,30.01,293.96,204.911,39.99,358.953,,,,,,
203.26,9.94,98.752,204.955,19.99,205.717,205.931,30.02,296.335,205.273,39.97,359.282,,,,,,
203.662,9.94,102.698,205.315,19.98,207.914,206.334,29.99,294.022,205.673,39.99,358.203,,,,,,
204.028,9.96,103.763,205.719,19.92,205.757,206.699,29.96,293.083,206.076,40.01,357.208,,,,,,
204.388,10.15,103.84,206.084,20.03,203.766,207.06,29.97,294.768,206.442,40.01,358.203,,,,,,
204.774,10.12,102.679,206.443,20.04,204.618,207.461,30,295.522,206.801,40.01,356.294,,,,,,
205.14,9.95,104.44,206.818,20.03,205.878,207.865,30.02,294.275,207.205,40.02,356.539,,,,,,
205.544,9.98,101.595,207.207,19.95,208.683,208.231,30.03,297.271,207.609,40.02,357.044,,,,,,
205.909,9.97,99.35,207.588,19.96,204.375,208.59,30.02,297.146,207.982,39.97,354.63,,,,,,
206.268,10,104.538,207.947,20.03,205.676,208.965,29.99,290.128,208.387,39.98,357.453,,,,,,
206.644,9.94,99.368,208.334,20.04,205.878,209.33,29.99,289.324,208.79,39.98,355.919,,,,,,
207.047,10.05,103.743,208.699,20,209.336,209.691,30,297.457,209.156,40,354.091,,,,,,
207.413,10.11,105.002,209.103,20.01,204.049,210.05,30,291.069,209.515,40.02,359.409,,,,,,
207.773,9.94,104.518,209.468,19.95,207.385,210.415,30,292.276,209.919,40.04,358.953,,,,,,
208.176,10,99.874,209.828,20.03,205.228,210.818,30.01,291.766,210.321,40.01,358.66,,,,,,
208.562,10.02,101.652,210.188,20.04,206.897,211.184,30,287.34,210.688,40.01,352.559,,,,,,
208.944,10.03,101.595,210.553,20.05,206.245,211.543,29.96,288.823,211.047,39.97,356.587,,,,,,
209.304,10.03,102.737,210.919,19.96,206.406,211.949,29.99,294.268,211.452,39.94,353.635,,,,,,
209.706,9.91,102.118,211.279,19.95,205.147,212.351,29.99,295.769,211.854,40,358.414,,,,,,
210.056,9.93,100.435,211.655,19.96,204.254,212.716,29.98,293.214,212.22,40.01,358.953,,,,,,
210.46,9.95,100.958,212.02,20.02,205.269,213.077,30,291.705,212.579,40.02,354.467,,,,,,
210.862,9.95,98.209,212.379,20.02,204.171,213.452,30.01,289.642,212.982,40.03,360.24,,,,,,
211.228,10.1,106.046,212.756,19.96,210.963,213.857,30.03,295.769,213.369,40.01,357.29,,,,,,
211.588,10.12,105.967,213.16,19.95,206.852,214.221,30.01,292.653,213.733,39.99,355.462,,,,,,
211.974,10,100.529,213.526,20.06,208.962,214.58,30.01,296.522,214.139,39.98,355.756,,,,,,
212.34,9.95,103.801,213.883,20.08,204.782,214.984,29.99,290.325,214.503,39.98,358.121,,,,,,
212.744,9.93,102.232,214.288,19.97,205.96,215.388,29.98,293.837,214.863,40.02,356.751,,,,,,
213.109,10.06,99.93,214.674,19.96,207.098,215.775,30.01,294.213,215.266,40.02,356.506,,,,,,
213.467,10.06,101.652,215.058,19.94,203.521,216.15,30,294.768,215.668,40.01,358.578,,,,,,
213.845,10.02,102.737,215.415,19.97,202.751,216.514,29.99,295.336,216.057,39.99,357.29,,,,,,
214.21,9.98,102.251,215.802,20.08,206.975,216.919,29.99,295.836,216.433,39.99,356.751,,,,,,
214.568,9.94,98.264,216.167,20.05,206.123,217.305,30.01,295.712,216.797,39.99,356.506,,,,,,
214.928,9.91,99.93,216.572,19.97,204.863,217.686,30.03,298.209,217.201,40,354.761,,,,,,
215.295,10.05,101.071,216.939,19.96,204.944,218.045,29.98,289.521,217.568,40.01,357.875,,,,,,
215.681,10,102.775,217.297,20.02,208.196,218.448,30.01,292.511,217.926,39.99,358.706,,,,,,
216.064,9.99,101.538,217.672,20,208.848,218.851,30,289.142,218.329,40.02,357.875,,,,,,
216.423,10.1,103.879,218.076,20.05,207.462,219.217,30,289.566,218.734,40.03,355.218,,,,,,
216.827,10.09,99.911,218.441,20.02,204.294,219.577,29.99,298.084,219.096,39.99,358.039,,,,,,
217.23,9.93,98.282,218.801,19.99,202.871,219.979,29.99,291.265,219.457,39.99,353.31,,,,,,
217.595,9.95,101.538,219.204,19.97,208.766,220.384,30.01,290.46,219.832,40,357.583,,,,,,
217.955,9.97,102.756,219.59,19.98,204.578,220.748,30.01,291.654,220.199,40,356.962,,,,,,
218.358,10.03,100.435,219.982,19.95,207.016,221.108,30,293.39,220.557,39.97,359.492,,,,,,
218.745,9.99,100.977,220.369,20,208.641,221.511,30,297.646,220.919,40.02,359.536,,,,,,
219.113,10,100.491,220.735,19.98,203.319,221.913,30.01,289.839,221.286,40.02,359.618,,,,,,
219.513,9.94,101.109,221.138,20.01,210.671,222.28,30,288.658,221.685,39.99,357.957,,,,,,
219.88,10,103.743,221.526,20.01,207.221,222.638,29.97,288.262,222.052,40.02,355.462,,,,,,
220.24,10.05,103.84,221.906,20.06,206.733,223.016,29.97,295.774,222.411,39.98,357.875,,,,,,
220.642,10.02,101.595,222.266,20.06,207.221,223.38,30.01,294.268,222.814,39.99,358.953,,,,,,
221.046,9.97,99.948,222.67,19.99,206.447,223.739,30.01,294.774,223.221,39.99,353.229,,,,,,
221.411,10.01,104.44,223.035,19.99,207.585,224.143,30.04,295.769,223.583,39.99,358.085,,,,,,
221.77,10.02,99.387,223.394,19.99,208.807,224.546,29.99,294.152,223.942,39.99,359.327,,,,,,
222.129,10.05,101.576,223.77,19.97,206.286,224.934,29.99,296.456,224.318,40.02,357.793,,,,,,
222.496,9.95,98.264,224.159,19.95,206.365,225.316,30,296.584,224.708,40.05,358.167,,,,,,
222.861,9.98,105.642,224.538,19.96,205.717,225.674,30,294.522,225.087,39.99,357.501,,,,,,
223.22,9.98,105.504,224.9,20.05,207.42,226.078,29.99,296.46,225.447,39.99,356.294,,,,,,
223.597,10.04,105.563,225.303,20.06,208.196,226.48,29.99,294.46,225.85,39.98,356.212,,,,,,
223.999,10.05,103.356,225.69,19.98,203.319,226.845,29.99,294.707,226.253,39.98,358.249,,,,,,
224.365,10.05,98.844,226.072,20.01,209.045,227.204,30.03,295.145,226.619,40,355.43,,,,,,
224.725,9.95,100.996,226.43,20.01,207.791,227.608,30.01,296.46,226.978,40.03,360.448,,,,,,
225.127,9.94,100.491,226.833,19.98,204.863,228.011,30,295.707,227.381,40.04,357.173,,,,,,
225.531,9.99,105.485,227.214,20.01,202.544,228.375,29.98,290.704,227.785,40.02,358.414,,,,,,
225.896,9.95,100.491,227.587,20.01,209.46,228.737,29.99,296.708,228.151,40.02,355.511,,,,,,
226.256,9.98,99.948,227.953,20.02,206.447,229.141,30.01,290.082,228.51,39.96,356.751,,,,,,
226.659,9.97,101.633,228.311,19.94,203.928,229.527,30.01,288.142,228.912,39.93,357.793,,,,,,
227.062,10.01,104.401,228.686,19.97,209.418,229.893,30,294.391,229.317,39.98,354.729,,,,,,
227.427,10.13,106.627,229.074,20.02,206.324,230.296,30,290.4,229.703,40.05,358.75,,,,,,
227.786,10.17,105.021,229.455,19.96,205.635,230.661,30,290.386,230.079,40.05,359.162,,,,,,
228.163,9.99,100.06,229.815,20.01,209.864,231.02,30,292.715,230.447,40.02,355.593,,,,,,
228.529,9.89,104.44,230.202,20.02,208.031,231.424,30.01,294.391,230.847,39.99,358.332,,,,,,
228.888,9.9,102.852,230.569,19.99,204.416,231.827,30,294.898,231.215,39.98,357.044,,,,,,
229.291,9.91,107.268,230.971,19.97,206.733,232.193,29.99,293.522,231.573,39.95,354.68,,,,,,
229.695,10.08,105.986,231.338,19.99,206.733,232.555,29.97,298.772,231.976,39.98,356.049,,,,,,
230.084,10.01,102.679,231.697,20.03,207.098,232.955,30.01,298.272,232.379,40.03,357.629,,,,,,
230.447,10.09,107.328,232.073,20.07,206.852,233.36,30.01,294.337,232.745,40.04,357.337,,,,,,
230.823,10.05,102.194,232.438,20.04,206,233.724,30.02,295.769,233.104,40.01,355.43,,,,,,
231.227,9.95,105.583,232.797,20.02,207.016,234.083,30.01,291.777,233.481,40,358.623,,,,,,
231.591,9.93,99.986,233.176,19.94,204.335,234.478,30,294.337,233.886,40.03,355.055,,,,,,
231.95,9.94,101.652,233.578,19.97,208.683,234.837,30,292.776,234.251,40,351.86,,,,,,
232.355,10.03,102.232,233.954,19.99,209.615,235.238,30,294.075,234.609,39.98,358.87,,,,,,
232.758,9.98,104.963,234.355,19.98,207.385,235.625,30,290.082,235.012,39.97,357.009,,,,,,
233.123,10.04,101.576,234.72,20.03,208.89,235.991,29.99,295.145,235.416,39.97,357.173,,,,,,
233.483,10.05,100.491,235.08,19.97,208.196,236.357,30,289.203,235.779,40.01,352.53,,,,,,
233.859,10.05,101.652,235.467,20.02,203.238,236.714,29.97,295.836,236.14,40.01,357.173,,,,,,
234.247,9.97,99.387,235.834,20,204.254,237.091,29.99,298.084,236.543,40.04,360.24,,,,,,
234.612,9.94,99.405,236.239,19.99,205.554,237.495,30.01,295.336,236.948,40.04,358.003,,,,,,
234.989,10,104.479,236.639,20.03,207.221,237.862,30.01,289.718,237.314,39.97,356.342,,,,,,
235.391,10.03,98.282,237.007,19.98,205.391,238.22,30.01,291.827,237.672,39.97,357.583,,,,,,
235.756,10.01,103.26,237.366,19.97,204.618,238.624,29.99,293.267,238.074,39.97,358.788,,,,,,
236.117,9.97,98.825,237.767,20.04,205.431,239.027,29.98,291.008,238.462,39.99,358.003,,,,,,
236.491,10.02,99.911,238.154,20.05,209.294,239.391,29.97,295.274,238.827,40.04,355.348,,,,,,
236.895,9.97,104.46,238.547,20.02,208.559,239.75,30,295.588,239.232,40.04,357.173,,,,,,
237.261,9.97,104.401,238.953,19.96,206.245,240.154,30.01,289.839,239.596,40.05,359.08,,,,,,
237.621,10.04,103.84,239.339,19.96,204.74,240.542,30.02,290.778,239.956,39.98,358.249,,,,,,
238.007,10,101.09,239.719,19.97,207.262,240.906,30.03,293.522,240.357,39.95,357.957,,,,,,
238.371,9.97,98.209,240.078,20.06,205.35,241.309,30.02,294.337,240.763,39.96,358.249,,,,,,
238.775,9.99,99.313,240.481,20.02,206.815,241.677,30,294.713,241.151,39.99,356.716,,,,,,
239.141,9.99,103.317,240.884,20.04,208.559,242.035,30,295.083,241.525,40.01,358.832,,,,,,
239.501,10.01,103.898,241.252,20.01,205.96,242.438,29.99,297.459,241.891,40.04,354.061,,,,,,
239.876,9.97,102.137,241.611,19.99,208.724,242.847,29.97,290.203,242.294,40.04,357.92,,,,,,
240.241,10.06,102.213,242.012,19.96,205.798,243.208,30,296.711,242.665,39.98,357.255,,,,,,
240.603,10.04,104.982,242.423,19.96,210.518,243.567,30.01,296.522,243.073,39.99,355.886,,,,,,
240.979,10.01,104.982,242.784,20.01,206.897,243.968,30.03,294.022,243.476,39.98,356.88,,,,,,
241.344,9.98,98.245,243.14,20.01,207.503,244.372,30,293.276,243.841,39.96,355.348,,,,,,
241.702,9.95,99.948,243.515,19.99,206.611,244.759,29.99,296.211,244.2,40.03,356.097,,,,,,
242.077,9.95,99.911,243.905,19.97,205.837,245.135,29.99,299.335,244.603,40.02,358.003,,,,,,
242.429,10.03,101.071,244.279,20.04,209.294,245.499,29.98,289.961,245.005,40.02,356.553,,,,,,
242.82,10.01,100.454,244.644,20.04,209.906,245.905,29.99,291.277,245.371,39.98,355.722,,,,,,
243.18,10.02,102.737,245.032,20,203.807,246.269,30.01,294.768,245.73,39.97,351.242,,,,,,
243.545,10.01,104.924,245.398,19.95,206.327,246.628,30.02,299.647,246.107,39.96,356.798,,,,,,
243.904,9.98,105.002,245.762,19.99,208.402,247.033,30.02,289.764,246.473,40.03,357.009,,,,,,
244.28,9.98,100.547,246.122,20.02,204.416,247.42,29.99,289.082,246.832,40.04,353.817,,,,,,
244.668,10,101.034,246.498,20.02,207.262,247.784,30,292.715,247.235,40.05,354.598,,,,,,
245.05,10.01,103.279,246.903,20,205.31,248.188,29.99,293.512,247.639,40.02,357.091,,,,,,
245.409,10.06,99.967,247.267,19.98,209.989,248.554,30,291.716,248.004,39.99,357.793,,,,,,
245.811,10,99.35,247.628,20,207.914,248.913,29.99,290.143,248.363,39.97,353.898,,,,,,
246.216,10.01,99.986,248.032,20,206.327,249.315,29.99,287.061,248.738,39.97,358.003,,,,,,
246.579,9.98,103.26,248.418,20,206.245,249.719,30,291.204,249.105,40,357.547,,,,,,
246.94,9.98,104.362,248.799,20,207.016,250.108,30.01,296.146,249.463,39.98,351.941,,,,,,
247.344,10,101.034,249.159,19.98,204.049,250.482,30.01,295.831,249.841,40.02,355.559,,,,,,
247.746,9.96,98.264,249.519,20,207.344,250.848,29.99,296.398,250.206,40.05,356.307,,,,,,
248.112,10.01,101.614,249.884,19.99,204.09,251.234,29.99,296.708,250.564,39.99,356.097,,,,,,
248.472,10.08,104.46,250.251,20,209.615,251.598,30,289.218,250.94,40.01,356.553,,,,,,
248.875,9.98,102.175,250.609,19.99,204.537,252.003,30.02,290.717,251.346,39.98,357.92,,,,,,
249.28,9.97,98.788,250.985,20.02,207.303,252.368,30.01,289.263,251.71,39.98,355.851,,,,,,
249.642,9.95,97.72,251.352,20,206.774,252.727,29.99,292.215,252.071,39.98,354.517,,,,,,
250.001,10.01,103.221,251.71,20,209.906,253.132,29.98,292.644,252.473,39.99,353.736,,,,,,
250.378,10,105.002,252.069,20.01,207.344,253.534,30,288.658,252.877,40.04,357.509,,,,,,
250.747,10.01,99.911,252.436,20.02,204.211,253.899,30,289.279,253.24,40.04,352.581,,,,,,
251.103,10.04,106.204,252.838,19.99,205.594,254.258,30.02,289.157,253.603,40.02,352.074,,,,,,
251.481,10.04,103.859,253.204,20,204.335,254.662,30.01,295.088,254.005,39.99,355.722,,,,,,
251.846,9.98,102.794,253.565,19.99,205.228,255.065,29.99,293.714,254.408,39.99,355.886,,,,,,
252.205,9.97,103.433,253.939,19.98,206.286,255.432,29.99,296.27,254.773,39.98,353.898,,,,,,
252.581,10,103.879,254.305,20,207.626,255.791,30,291.777,255.133,40.01,357.009,,,,,,
252.946,9.98,102.794,254.665,19.98,204.09,256.165,29.98,295.392,255.537,40.01,357.009,,,,,,
253.305,9.99,99.874,255.041,20.01,204.944,256.53,29.99,296.335,255.94,40,356.015,,,,,,
253.667,10,101.128,255.428,20.01,207.303,256.89,30.01,293.153,256.327,39.99,358.003,,,,,,
254.032,10,98.264,255.809,20.02,206.774,257.251,30.01,295.269,256.709,40.02,357.009,,,,,,
254.435,10.02,101.633,256.168,19.99,207.016,257.618,30.01,296.456,257.068,39.98,356.635,,,,,,
254.801,10.03,99.93,256.555,20,209.253,258.019,30.03,297.146,257.47,40.02,352.125,,,,,,
255.158,10.02,97.739,256.92,19.99,207.873,258.384,29.99,295.645,257.837,40,357.136,,,,,,
255.507,10,99.424,257.326,20.02,204.781,258.744,29.97,295.145,258.196,39.99,355.396,,,,,,
255.884,9.97,103.414,257.69,20.04,204.171,259.148,29.99,295.336,258.573,40.02,356.015,,,,,,
256.287,9.99,102.175,258.05,20.01,206.529,259.55,30,290.899,258.937,40.03,350.839,,,,,,
256.653,9.99,103.375,258.452,20,209.906,259.916,30.01,296.022,259.296,40,354.647,,,,,,
257.013,10.01,101.071,258.855,19.96,204.171,260.275,30.01,297.523,259.671,39.97,354.436,,,,,,
257.418,10.02,98.862,259.244,19.96,208.402,260.65,30.01,290.339,260.077,39.98,353.361,,,,,,
257.819,10,102.232,259.608,20,206.368,261.054,29.99,290.643,260.441,40.01,351.081,,,,,,
258.185,9.97,105.603,259.982,20.01,209.377,261.421,29.99,290.4,260.801,40.02,356.553,,,,,,
258.545,9.97,102.232,260.387,20.02,208.931,261.779,29.98,291.593,261.203,40.01,355.886,,,,,,
258.932,9.99,103.879,260.751,20.02,205.676,262.183,30.01,291.155,261.606,39.99,351.456,,,,,,
259.296,10.03,100.491,261.111,19.98,205.757,262.587,30.01,287.021,261.972,39.99,357.547,,,,,,
259.702,10.04,99.911,261.488,19.99,208.641,262.951,30.02,295.831,262.331,39.96,352.905,,,,,,
260.102,10.01,103.317,261.853,19.98,206.205,263.31,30.01,293.399,262.737,40.01,353.817,,,,,,
260.47,9.99,101.109,262.212,20.01,204.944,263.714,29.99,293.083,263.14,40.02,352.074,,,,,,
260.83,9.99,105.603,262.588,20.05,211.727,264.117,29.98,295.212,263.504,40.02,356.307,,,,,,
261.215,10,103.394,262.99,20.03,206.815,264.506,29.99,292.583,263.865,40.02,351.295,,,,,,
261.58,10.01,102.232,263.357,19.97,207.914,264.887,30,295.022,264.251,39.98,351.214,,,,,,
261.985,9.99,99.93,263.716,19.99,201.815,265.245,30.01,296.022,264.615,39.97,353.361,,,,,,
262.372,9.99,98.881,264.12,20.01,207.344,265.649,30.01,296.649,265.019,39.96,355.185,,,,,,
262.753,9.97,101.652,264.522,20,206.327,266.016,30.01,292.154,265.385,40.01,354.566,,,,,,
263.112,9.97,101.034,264.889,20,204.618,266.374,29.99,295.955,265.744,40.03,354.695,,,,,,
263.49,9.99,105.524,265.249,19.98,207.626,266.752,29.98,296.335,266.119,40.03,356.225,,,,,,
263.855,10.06,99.986,265.635,19.99,208.361,267.154,29.99,296.835,266.485,40.04,355.022,,,,,,
264.212,10.02,100.547,266.001,20.01,207.832,267.529,30,286.66,266.845,40,350.169,,,,,,
264.562,10.02,103.879,266.405,20.01,205.717,267.932,30.01,288.159,267.222,39.99,352.449,,,,,,
264.967,10.01,102.175,266.807,20.03,206.815,268.297,30.02,294.583,267.625,39.98,356.763,,,,,,
265.368,9.98,105.08,267.173,20.02,203.642,268.658,30.01,296.394,267.991,39.99,350.706,,,,,,
265.736,10,102.156,267.533,20,206.327,269.034,29.99,289.263,268.352,39.98,354.777,,,,,,
266.094,10,103.956,267.919,19.96,208.237,269.435,29.99,291.094,268.753,39.98,350.92,,,,,,
266.469,10,100.004,268.285,19.95,209.739,269.802,30,286.161,269.157,40.01,355.851,,,,,,
266.836,9.97,107.268,268.688,19.99,204.944,270.16,30.01,290.143,269.525,40.04,355.559,,,,,,
267.194,9.96,105.002,269.054,20.03,210.601,270.564,30.02,292.705,269.882,40.05,351.912,,,,,,
267.57,10,103.821,269.413,19.99,207.303,270.968,29.99,296.27,270.285,40.02,356.061,,,,,,
267.937,10.03,103.337,269.789,20.01,203.359,271.334,29.98,293.46,270.689,39.97,356.178,,,,,,
268.297,10.02,100.529,270.178,20.02,207.467,271.691,29.99,295.398,271.075,39.96,351.214,,,,,,
268.673,10.01,102.194,270.558,19.98,208.402,272.095,30,297.271,271.459,39.98,352.743,,,,,,
269.039,10.04,98.337,270.917,20.01,205.025,272.498,30.02,294.268,271.817,39.99,352.419,,,,,,
269.399,9.99,101.147,271.32,19.98,203.279,272.864,30,294.268,272.22,40.03,355.851,,,,,,
269.773,9.97,101.166,271.71,20,206.082,273.224,29.97,292.144,272.587,40.03,356.845,,,,,,
270.14,9.97,102.775,272.088,19.97,207.262,273.627,29.99,293.399,272.945,40,349.472,,,,,,
270.5,9.97,102.832,272.447,20.02,204.74,274.031,29.99,289.097,273.32,39.99,354.24,,,,,,
270.875,10.01,105.603,272.852,20.02,203.113,274.395,29.99,290.203,273.689,39.99,355.232,,,,,,
271.278,10.05,99.442,273.257,19.99,208.155,274.756,30.01,298.084,274.044,40,355.266,,,,,,
271.643,10.04,99.442,273.62,19.98,206.041,275.158,30.01,295.15,274.422,39.99,356.553,,,,,,
272.003,10.01,100.547,273.981,20,207.098,275.561,30.02,293.644,274.826,39.99,354.077,,,,,,
272.407,9.96,102.832,274.366,19.99,210.268,275.925,30.01,286.101,275.189,39.98,355.232,,,,,,
272.81,9.97,105.08,274.732,20.01,208.402,276.286,30.01,290.46,275.55,39.99,354.614,,,,,,
273.175,9.97,103.937,275.136,20.01,205.472,276.663,30.01,290.217,275.954,40.04,354.11,,,,,,
273.535,10.01,102.194,275.502,19.99,204.7,277.066,29.99,289.703,276.357,40.03,356.927,,,,,,
273.921,10.01,102.213,275.86,20.02,208.724,277.43,29.97,296.398,276.721,40,356.143,,,,,,
274.287,10,105.002,276.236,20.02,212.952,277.788,29.97,294.96,277.079,40,353.654,,,,,,
274.635,10.01,102.794,276.641,20,205.025,278.193,30.01,287.322,277.467,39.99,355.069,,,,,,
275.012,10,106.046,277.004,19.97,204.985,278.596,30.01,288.159,277.832,40.01,355.022,,,,,,
275.378,10.03,103.918,277.366,20.01,207.955,278.963,29.99,294.707,278.237,40,356.225,,,,,,
275.737,10.02,100.566,277.751,20.02,208.155,279.323,30.01,294.09,278.639,40.01,350.517,,,,,,
276.14,10.02,100.566,278.118,20.01,204.456,279.707,30,296.27,279.005,40.01,354.159,,,,,,
276.544,9.98,102.871,278.522,20.01,203.888,280.075,30.02,288.219,279.366,39.99,354.24,,,,,,
276.908,9.97,101.595,278.909,20.01,206.529,280.477,30.02,295.083,279.769,40.02,355.524,,,,,,
277.267,9.97,100.004,279.289,20,204.456,280.879,30.02,293.276,280.171,40.02,352.955,,,,,,
277.643,9.99,102.737,279.648,19.96,207.385,281.248,29.99,295.584,280.538,40.02,354.24,,,,,,
277.994,9.99,101.69,280.035,19.97,206.488,281.606,29.98,297.772,280.895,39.99,353.736,,,,,,
278.397,10.01,104.343,280.402,19.98,208.402,282.01,29.98,294.337,281.272,39.96,353.492,,,,,,
278.762,10.01,97.702,280.804,19.99,207.098,282.396,30.01,296.211,281.66,39.97,354.077,,,,,,
279.121,10,99.967,281.171,20.02,207.955,282.787,30.01,293.837,282.04,40,353.118,,,,,,
279.525,10.01,104.982,281.531,20.04,210.921,283.175,30,294.398,282.402,40.02,354.24,,,,,,
279.929,9.98,103.995,281.908,20,205.717,283.54,30.02,295.027,282.804,40.01,355.77,,,,,,
280.294,9.96,103.279,282.281,20,210.434,283.943,30,291.705,283.168,40,354.369,,,,,,
280.653,10,103.821,282.687,19.99,207.914,284.309,29.98,295.083,283.529,40,355.151,,,,,,
281.057,10.06,105.583,283.054,20.03,209.46,284.668,29.99,299.21,283.931,40.04,355.442,,,,,,
281.459,10.01,101.147,283.41,20.03,207.873,285.072,30,294.527,284.335,40.02,356.307,,,,,,
281.826,10.03,99.442,283.787,19.96,208.113,285.475,30.01,290.826,284.702,39.99,351.751,,,,,,
282.184,9.97,101.671,284.175,19.98,208.807,285.841,29.99,292.215,285.058,39.99,354.321,,,,,,
282.561,9.98,100.996,284.542,19.99,206.368,286.201,29.99,291.838,285.436,39.97,355.232,,,,,,
282.925,10.01,103.337,284.916,20,205.635,286.602,30.01,296.649,285.802,39.97,353.248,,,,,,
283.286,10,101.147,285.318,20.03,205.757,287.005,30,290.264,286.162,40.04,348.641,,,,,,
283.644,9.99,102.794,285.722,19.99,209.543,287.394,30.02,295.898,286.538,40.05,354.695,,,,,,
284.01,9.99,101.052,286.086,20.03,206.856,287.777,30.01,294.522,286.941,39.98,353.654,,,,,,
284.413,10.03,103.375,286.446,19.99,209.096,288.134,29.99,288.961,287.305,40.01,355.396,,,,,,
284.778,10.04,98.355,286.833,19.99,207.709,288.539,29.97,293.091,287.664,39.98,353.036,,,,,,
285.137,9.99,98.899,287.201,19.99,208.155,288.942,30,294.398,288.068,39.99,354.159,,,,,,
285.544,10,106.145,287.602,20.01,205.717,289.306,30,294.836,288.472,39.97,353.996,,,,,,
285.945,9.98,103.394,287.991,20,206.815,289.664,30.01,294.651,288.838,39.99,348.455,,,,,,
286.311,9.98,100.603,288.37,20.02,210.072,290.069,30.01,292.583,289.196,40.03,350.517,,,,,,
286.672,9.97,101.633,288.73,20,205.717,290.472,30.01,293.644,289.6,40.04,354.987,,,,,,
287.074,10.04,105.524,289.117,19.98,204.944,290.839,30,295.712,290.002,40.04,353.411,,,,,,
287.478,10.01,101.128,289.482,20,207.262,291.199,29.98,292.715,290.369,39.99,349.151,,,,,,
287.843,10,102.309,289.886,19.98,204.659,291.599,29.98,295.707,290.729,39.95,350.275,,,,,,
288.201,10,105.701,290.275,20.01,208.526,292.003,30.01,296.211,291.115,39.96,355.151,,,,,,
288.577,10,98.899,290.655,19.97,207.139,292.37,30.01,292.592,291.479,40,352.257,,,,,,
288.982,9.99,105.701,291.013,19.96,207.955,292.727,30,288.658,291.885,40.02,349.659,,,,,,
289.345,9.98,106.726,291.417,19.99,205.31,293.104,30,296.335,292.29,40.04,349.659,,,,,,
289.705,9.99,102.194,291.783,20.05,209.096,293.491,30,293.644,292.664,40,352.874,,,,,,
290.11,10.01,102.794,292.144,20.02,208.402,293.873,30,292.021,293.066,39.97,353.167,,,,,,
290.496,10,101.071,292.518,20.01,210.072,294.233,29.99,287.72,293.432,40,354.858,,,,,,
290.878,10,102.175,292.908,20,208.848,294.637,30.01,291.654,293.791,40,355.477,,,,,,
291.237,10.02,98.319,293.288,20.01,205.31,295.038,30.01,287.1,294.167,39.98,352.044,,,,,,
291.623,9.99,99.948,293.645,19.98,208.766,295.416,30.01,294.152,294.533,39.99,353.378,,,,,,
291.989,9.98,107.268,294.05,20,208.972,295.818,30,295.331,294.894,40.01,354.824,,,,,,
292.393,10.01,99.479,294.44,19.99,204.7,296.183,29.98,293.714,295.268,40.04,352.955,,,,,,
292.76,10,104.382,294.819,20,205.839,296.543,29.99,292.837,295.672,40.03,351.214,,,,,,
293.118,9.99,97.757,295.177,20.01,208.32,,,,296.037,40.01,354.403,,,,,,
293.494,9.99,99.442,295.566,20.03,206.123,,,,296.395,40.01,352.5,,,,,,
293.898,10.01,98.917,295.932,20,206.856,,,,296.799,,,,,,,,
294.262,10.01,103.317,296.334,20,207.098,,,,,,,,,,,,
294.621,9.99,104.518,296.698,19.98,205.025,,,,,,,,,,,,
295.009,10.01,99.479,297.06,19.99,206.245,,,,,,,,,,,,
295.373,9.98,101.09,297.434,19.99,207.467,,,,,,,,,,,,
295.777,9.99,98.374,297.823,19.99,208.567,,,,,,,,,,,,
296.142,10,99.498,298.203,20.01,204.659,,,,,,,,,,,,
296.501,10.02,104.538,298.562,20.02,205.798,,,,,,,,,,,,
296.878,9.98,102.271,298.967,20.02,209.253,,,,,,,,,,,,
297.244,9.99,106.686,299.331,20.01,208.402,,,,,,,,,,,,
297.605,10.02,99.405,299.691,19.98,205.92,,,,,,,,,,,,
297.979,10.01,101.071,,,,,,,,,,,,,,,
298.382,10.02,104.479,,,,,,,,,,,,,,,
298.75,10.01,105.563,,,,,,,,,,,,,,,
299.108,10,104.44,,,,,,,,,,,,,,,
