Time,Current (A),Power Output (W),Max Power,,,,,,,,,,,,,,,,,,,,,,,,,
0,5.54,28.555,28.555,,,,,,,,,,,,,,,,,,,,,,,,,
0.415,5.24,28.233,,,,,,,,,,,,,,,,,,,,,,,Stall Torque @ 2V,0,0.037,0.04
0.805,5.27,28.243,,,,,,,,,,,,,,,,,,,,,,,Stall Torque @ 4V,0,0.066,0.07
1.185,5.27,28.253,,,,,,,,,,,,,,,,,,,,,,,Stall Torque @ 6V,0,0.109,0.11
1.599,5.27,28.204,,,,,,,,,,,,,,,,,,,,,,,Stall Torque @ 7.2V,0,0,0
1.987,5.26,28.214,,,,,,,,,,,,,,,,,,,,,,,Stall Torque @ 8V,0,0.121,0.12
2.344,5.26,28.272,,,,,,,,,,,,,,,,,,,,,,,Stall Torque @ 10V,0,0.157,0.16
2.702,5.25,28.253,,,,,,,,,,,,,,,,,,,,,,,Stall Torque @ 12V,0,0.2,0.2
3.06,5.25,28.204,,,,,,,,,,,,,,,,,,,,,,,,,,
3.409,5.24,28.253,,,,,,,,,,,,,,,,,,,,,,,,,,
3.758,5.24,27.958,,,,,,,,,,,,,,,,,,,,,,,,,,
4.135,5.23,27.939,,,,,,,,,,,,,,,,,,,,,,,,,,
4.483,5.23,27.901,,,,,,,,,,,,,,,,,,,,,,,,,,
4.834,5.22,28.262,,,,,,,,,,,,,,,,,,,,,,,,,,
5.237,5.21,27.92,,,,,,,,,,,,,,,,,,,,,,,,,,
5.584,5.2,27.91,,,,,,,,,,,,,,,,,,,,,,,,,,
5.934,5.2,27.958,,,,,,,,,,,,,,,,,,,,,,,,,,
6.284,5.19,27.645,,,,,,,,,,,,,,,,,,,,,,,,,,
6.632,5.18,27.636,,,,,,,,,,,,,,,,,,,,,,,,,,
6.981,5.18,27.626,,,,,,,,,,,,,,,,,,,,,,,,,,
7.359,5.17,27.93,,,,,,,,,,,,,,,,,,,,,,,,,,
7.707,5.17,27.616,,,,,,,,,,,,,,,,,,,,,,,,,,
8.056,5.16,27.588,,,,,,,,,,,,,,,,,,,,,,,,,,
8.406,5.16,27.626,,,,,,,,,,,,,,,,,,,,,,,,,,
8.755,5.14,27.597,,,,,,,,,,,,,,,,,,,,,,,,,,
9.103,5.14,27.636,,,,,,,,,,,,,,,,,,,,,,,,,,
9.481,5.13,27.322,,,,,,,,,,,,,,,,,,,,,,,,,,
9.883,5.12,27.636,,,,,,,,,,,,,,,,,,,,,,,,,,
10.249,5.11,27.36,,,,,,,,,,,,,,,,,,,,,,,,,,
10.608,5.11,27.341,,,,,,,,,,,,,,,,,,,,,,,,,,
10.957,5.1,27.322,,,,,,,,,,,,,,,,,,,,,,,,,,
11.306,5.09,27.332,,,,,,,,,,,,,,,,,,,,,,,,,,
11.682,5.09,27.332,,,,,,,,,,,,,,,,,,,,,,,,,,
12.032,5.08,27.019,,,,,,,,,,,,,,,,,,,,,,,,,,
12.382,5.07,27.019,,,,,,,,,,,,,,,,,,,,,,,,,,
12.732,5.06,27.332,,,,,,,,,,,,,,,,,,,,,,,,,,
13.117,5.05,27.037,,,,,,,,,,,,,,,,,,,,,,,,,,
13.473,5.05,27.019,,,,,,,,,,,,,,,,,,,,,,,,,,
13.832,5.05,27.304,,,,,,,,,,,,,,,,,,,,,,,,,,
14.182,5.04,27.36,,,,,,,,,,,,,,,,,,,,,,,,,,
14.559,5.03,27.322,,,,,,,,,,,,,,,,,,,,,,,,,,
14.907,5.03,27.037,,,,,,,,,,,,,,,,,,,,,,,,,,
15.257,5.02,27.028,,,,,,,,,,,,,,,,,,,,,,,,,,
15.605,5.02,27.037,,,,,,,,,,,,,,,,,,,,,,,,,,
15.955,5.01,27.019,,,,,,,,,,,,,,,,,,,,,,,,,,
16.304,5,26.743,,,,,,,,,,,,,,,,,,,,,,,,,,
16.665,5,26.743,,,,,,,,,,,,,,,,,,,,,,,,,,
17.029,5,26.706,,,,,,,,,,,,,,,,,,,,,,,,,,
17.379,4.99,26.752,,,,,,,,,,,,,,,,,,,,,,,,,,
17.728,4.98,26.734,,,,,,,,,,,,,,,,,,,,,,,,,,
18.077,4.98,26.421,,,,,,,,,,,,,,,,,,,,,,,,,,
18.427,4.97,26.724,,,,,,,,,,,,,,,,,,,,,,,,,,
18.802,4.96,26.421,,,,,,,,,,,,,,,,,,,,,,,,,,
19.15,4.96,26.724,,,,,,,,,,,,,,,,,,,,,,,,,,
19.501,4.95,26.724,,,,,,,,,,,,,,,,,,,,,,,,,,
19.85,4.95,26.734,,,,,,,,,,,,,,,,,,,,,,,,,,
20.198,4.94,26.734,,,,,,,,,,,,,,,,,,,,,,,,,,
20.574,4.93,26.734,,,,,,,,,,,,,,,,,,,,,,,,,,
20.924,4.94,26.43,,,,,,,,,,,,,,,,,,,,,,,,,,
21.272,4.93,26.393,,,,,,,,,,,,,,,,,,,,,,,,,,
21.621,4.93,26.421,,,,,,,,,,,,,,,,,,,,,,,,,,
21.971,4.92,26.403,,,,,,,,,,,,,,,,,,,,,,,,,,
22.348,4.91,26.393,,,,,,,,,,,,,,,,,,,,,,,,,,
22.696,4.91,26.43,,,,,,,,,,,,,,,,,,,,,,,,,,
23.046,4.91,26.126,,,,,,,,,,,,,,,,,,,,,,,,,,
23.395,4.91,26.126,,,,,,,,,,,,,,,,,,,,,,,,,,
23.744,4.9,26.393,,,,,,,,,,,,,,,,,,,,,,,,,,
24.121,4.89,26.448,,,,,,,,,,,,,,,,,,,,,,,,,,
24.469,4.89,26.43,,,,,,,,,,,,,,,,,,,,,,,,,,
24.819,4.89,26.135,,,,,,,,,,,,,,,,,,,,,,,,,,
25.168,4.89,26.403,,,,,,,,,,,,,,,,,,,,,,,,,,
25.518,4.88,26.099,,,,,,,,,,,,,,,,,,,,,,,,,,
25.866,4.88,26.099,,,,,,,,,,,,,,,,,,,,,,,,,,
26.216,4.87,26.117,,,,,,,,,,,,,,,,,,,,,,,,,,
26.594,4.87,26.421,,,,,,,,,,,,,,,,,,,,,,,,,,
26.958,4.86,26.421,,,,,,,,,,,,,,,,,,,,,,,,,,
27.318,4.87,26.108,,,,,,,,,,,,,,,,,,,,,,,,,,
27.693,4.86,26.457,,,,,,,,,,,,,,,,,,,,,,,,,,
28.042,4.86,26.153,,,,,,,,,,,,,,,,,,,,,,,,,,
28.39,4.85,26.108,,,,,,,,,,,,,,,,,,,,,,,,,,
28.739,4.85,25.822,,,,,,,,,,,,,,,,,,,,,,,,,,
29.116,4.85,25.813,,,,,,,,,,,,,,,,,,,,,,,,,,
29.467,4.84,25.787,,,,,,,,,,,,,,,,,,,,,,,,,,
29.814,4.84,26.126,,,,,,,,,,,,,,,,,,,,,,,,,,
30.164,4.84,25.805,,,,,,,,,,,,,,,,,,,,,,,,,,
30.513,4.84,25.822,,,,,,,,,,,,,,,,,,,,,,,,,,
30.863,4.84,26.126,,,,,,,,,,,,,,,,,,,,,,,,,,
31.212,4.84,26.09,,,,,,,,,,,,,,,,,,,,,,,,,,
31.588,4.83,26.108,,,,,,,,,,,,,,,,,,,,,,,,,,
31.936,4.83,26.135,,,,,,,,,,,,,,,,,,,,,,,,,,
32.288,4.83,25.822,,,,,,,,,,,,,,,,,,,,,,,,,,
32.636,4.83,25.805,,,,,,,,,,,,,,,,,,,,,,,,,,
32.986,4.83,25.822,,,,,,,,,,,,,,,,,,,,,,,,,,
33.372,4.83,25.813,,,,,,,,,,,,,,,,,,,,,,,,,,
33.728,4.82,26.117,,,,,,,,,,,,,,,,,,,,,,,,,,
34.086,4.82,26.126,,,,,,,,,,,,,,,,,,,,,,,,,,
34.462,4.82,25.805,,,,,,,,,,,,,,,,,,,,,,,,,,
34.811,4.81,26.135,,,,,,,,,,,,,,,,,,,,,,,,,,
35.161,4.81,25.796,,,,,,,,,,,,,,,,,,,,,,,,,,
35.51,4.81,25.813,,,,,,,,,,,,,,,,,,,,,,,,,,
35.859,4.81,25.813,,,,,,,,,,,,,,,,,,,,,,,,,,
36.236,4.8,26.126,,,,,,,,,,,,,,,,,,,,,,,,,,
36.602,4.8,26.126,,,,,,,,,,,,,,,,,,,,,,,,,,
36.961,4.8,26.135,,,,,,,,,,,,,,,,,,,,,,,,,,
37.336,4.79,25.492,,,,,,,,,,,,,,,,,,,,,,,,,,
37.685,4.79,25.813,,,,,,,,,,,,,,,,,,,,,,,,,,
38.035,4.79,25.84,,,,,,,,,,,,,,,,,,,,,,,,,,
38.384,4.78,25.84,,,,,,,,,,,,,,,,,,,,,,,,,,
38.735,4.78,25.519,,,,,,,,,,,,,,,,,,,,,,,,,,
39.136,4.78,25.519,,,,,,,,,,,,,,,,,,,,,,,,,,
39.487,4.78,25.822,,,,,,,,,,,,,,,,,,,,,,,,,,
39.834,4.77,25.501,,,,,,,,,,,,,,,,,,,,,,,,,,
40.186,4.77,25.501,,,,,,,,,,,,,,,,,,,,,,,,,,
40.543,4.77,25.796,,,,,,,,,,,,,,,,,,,,,,,,,,
40.899,4.76,25.813,,,,,,,,,,,,,,,,,,,,,,,,,,
41.264,4.76,25.831,,,,,,,,,,,,,,,,,,,,,,,,,,
41.662,4.76,25.805,,,,,,,,,,,,,,,,,,,,,,,,,,
42.011,4.76,25.84,,,,,,,,,,,,,,,,,,,,,,,,,,
42.359,4.76,25.536,,,,,,,,,,,,,,,,,,,,,,,,,,
42.709,4.75,25.527,,,,,,,,,,,,,,,,,,,,,,,,,,
43.059,4.75,25.84,,,,,,,,,,,,,,,,,,,,,,,,,,
43.435,4.75,25.519,,,,,,,,,,,,,,,,,,,,,,,,,,
43.784,4.74,25.501,,,,,,,,,,,,,,,,,,,,,,,,,,
44.134,4.75,25.197,,,,,,,,,,,,,,,,,,,,,,,,,,
44.519,4.74,25.206,,,,,,,,,,,,,,,,,,,,,,,,,,
44.902,4.74,25.501,,,,,,,,,,,,,,,,,,,,,,,,,,
45.26,4.74,25.51,,,,,,,,,,,,,,,,,,,,,,,,,,
45.621,4.74,25.197,,,,,,,,,,,,,,,,,,,,,,,,,,
45.986,4.73,25.189,,,,,,,,,,,,,,,,,,,,,,,,,,
46.336,4.73,25.189,,,,,,,,,,,,,,,,,,,,,,,,,,
46.738,4.73,25.215,,,,,,,,,,,,,,,,,,,,,,,,,,
47.088,4.73,25.527,,,,,,,,,,,,,,,,,,,,,,,,,,
47.437,4.72,25.215,,,,,,,,,,,,,,,,,,,,,,,,,,
47.786,4.73,25.545,,,,,,,,,,,,,,,,,,,,,,,,,,
48.136,4.72,25.527,,,,,,,,,,,,,,,,,,,,,,,,,,
48.495,4.72,25.18,,,,,,,,,,,,,,,,,,,,,,,,,,
48.877,4.72,25.527,,,,,,,,,,,,,,,,,,,,,,,,,,
49.238,4.71,25.197,,,,,,,,,,,,,,,,,,,,,,,,,,
49.596,4.7,25.215,,,,,,,,,,,,,,,,,,,,,,,,,,
49.952,4.7,25.206,,,,,,,,,,,,,,,,,,,,,,,,,,
50.312,4.7,25.197,,,,,,,,,,,,,,,,,,,,,,,,,,
50.715,4.7,25.197,,,,,,,,,,,,,,,,,,,,,,,,,,
51.063,4.7,24.885,,,,,,,,,,,,,,,,,,,,,,,,,,
51.413,4.7,25.215,,,,,,,,,,,,,,,,,,,,,,,,,,
51.763,4.69,25.206,,,,,,,,,,,,,,,,,,,,,,,,,,
52.111,4.69,25.197,,,,,,,,,,,,,,,,,,,,,,,,,,
52.488,4.69,25.223,,,,,,,,,,,,,,,,,,,,,,,,,,
52.835,4.69,25.206,,,,,,,,,,,,,,,,,,,,,,,,,,
53.186,4.68,25.215,,,,,,,,,,,,,,,,,,,,,,,,,,
53.534,4.68,25.189,,,,,,,,,,,,,,,,,,,,,,,,,,
53.885,4.68,24.885,,,,,,,,,,,,,,,,,,,,,,,,,,
54.233,4.68,24.902,,,,,,,,,,,,,,,,,,,,,,,,,,
54.61,4.67,25.223,,,,,,,,,,,,,,,,,,,,,,,,,,
54.975,4.67,25.215,,,,,,,,,,,,,,,,,,,,,,,,,,
55.334,4.67,24.894,,,,,,,,,,,,,,,,,,,,,,,,,,
55.71,4.67,25.232,,,,,,,,,,,,,,,,,,,,,,,,,,
56.058,4.67,25.206,,,,,,,,,,,,,,,,,,,,,,,,,,
56.408,4.67,25.197,,,,,,,,,,,,,,,,,,,,,,,,,,
56.758,4.67,25.223,,,,,,,,,,,,,,,,,,,,,,,,,,
57.162,4.67,24.911,,,,,,,,,,,,,,,,,,,,,,,,,,
57.563,4.66,24.894,,,,,,,,,,,,,,,,,,,,,,,,,,
57.913,4.65,24.911,,,,,,,,,,,,,,,,,,,,,,,,,,
58.261,4.65,25.197,,,,,,,,,,,,,,,,,,,,,,,,,,
58.611,4.65,24.902,,,,,,,,,,,,,,,,,,,,,,,,,,
58.96,4.65,25.197,,,,,,,,,,,,,,,,,,,,,,,,,,
59.309,4.65,24.92,,,,,,,,,,,,,,,,,,,,,,,,,,
59.687,4.66,24.937,,,,,,,,,,,,,,,,,,,,,,,,,,
60.051,4.65,24.928,,,,,,,,,,,,,,,,,,,,,,,,,,
60.411,4.65,25.215,,,,,,,,,,,,,,,,,,,,,,,,,,
60.786,4.65,24.92,,,,,,,,,,,,,,,,,,,,,,,,,,
61.136,4.65,24.877,,,,,,,,,,,,,,,,,,,,,,,,,,
61.486,4.65,24.902,,,,,,,,,,,,,,,,,,,,,,,,,,
61.888,4.65,24.92,,,,,,,,,,,,,,,,,,,,,,,,,,
62.244,4.65,24.911,,,,,,,,,,,,,,,,,,,,,,,,,,
62.641,4.65,24.902,,,,,,,,,,,,,,,,,,,,,,,,,,
63.015,4.65,24.911,,,,,,,,,,,,,,,,,,,,,,,,,,
63.364,4.65,25.197,,,,,,,,,,,,,,,,,,,,,,,,,,
63.714,4.65,24.92,,,,,,,,,,,,,,,,,,,,,,,,,,
64.073,4.64,24.859,,,,,,,,,,,,,,,,,,,,,,,,,,
64.43,4.64,25.241,,,,,,,,,,,,,,,,,,,,,,,,,,
64.791,4.64,24.894,,,,,,,,,,,,,,,,,,,,,,,,,,
65.139,4.63,24.902,,,,,,,,,,,,,,,,,,,,,,,,,,
65.488,4.63,24.911,,,,,,,,,,,,,,,,,,,,,,,,,,
65.836,4.63,24.902,,,,,,,,,,,,,,,,,,,,,,,,,,
66.214,4.63,24.92,,,,,,,,,,,,,,,,,,,,,,,,,,
66.579,4.63,24.902,,,,,,,,,,,,,,,,,,,,,,,,,,
66.937,4.63,24.937,,,,,,,,,,,,,,,,,,,,,,,,,,
67.313,4.64,24.928,,,,,,,,,,,,,,,,,,,,,,,,,,
67.663,4.63,24.868,,,,,,,,,,,,,,,,,,,,,,,,,,
68.012,4.63,24.911,,,,,,,,,,,,,,,,,,,,,,,,,,
68.361,4.62,24.599,,,,,,,,,,,,,,,,,,,,,,,,,,
68.737,4.62,24.59,,,,,,,,,,,,,,,,,,,,,,,,,,
69.087,4.62,24.894,,,,,,,,,,,,,,,,,,,,,,,,,,
69.435,4.62,24.599,,,,,,,,,,,,,,,,,,,,,,,,,,
69.785,4.62,24.59,,,,,,,,,,,,,,,,,,,,,,,,,,
70.134,4.61,24.885,,,,,,,,,,,,,,,,,,,,,,,,,,
70.484,4.61,24.928,,,,,,,,,,,,,,,,,,,,,,,,,,
70.86,4.61,24.92,,,,,,,,,,,,,,,,,,,,,,,,,,
71.209,4.61,24.911,,,,,,,,,,,,,,,,,,,,,,,,,,
71.558,4.61,24.902,,,,,,,,,,,,,,,,,,,,,,,,,,
71.906,4.61,24.573,,,,,,,,,,,,,,,,,,,,,,,,,,
72.257,4.6,24.902,,,,,,,,,,,,,,,,,,,,,,,,,,
72.605,4.6,24.59,,,,,,,,,,,,,,,,,,,,,,,,,,
72.981,4.6,24.582,,,,,,,,,,,,,,,,,,,,,,,,,,
73.332,4.6,24.624,,,,,,,,,,,,,,,,,,,,,,,,,,
73.734,4.6,24.607,,,,,,,,,,,,,,,,,,,,,,,,,,
74.1,4.6,24.607,,,,,,,,,,,,,,,,,,,,,,,,,,
74.459,4.59,24.607,,,,,,,,,,,,,,,,,,,,,,,,,,
74.811,4.59,24.92,,,,,,,,,,,,,,,,,,,,,,,,,,
75.211,4.59,24.565,,,,,,,,,,,,,,,,,,,,,,,,,,
75.561,4.59,24.624,,,,,,,,,,,,,,,,,,,,,,,,,,
75.91,4.6,24.582,,,,,,,,,,,,,,,,,,,,,,,,,,
76.302,4.59,24.616,,,,,,,,,,,,,,,,,,,,,,,,,,
76.662,4.59,24.59,,,,,,,,,,,,,,,,,,,,,,,,,,
77.009,4.6,24.582,,,,,,,,,,,,,,,,,,,,,,,,,,
77.387,4.59,24.599,,,,,,,,,,,,,,,,,,,,,,,,,,
77.753,4.59,24.607,,,,,,,,,,,,,,,,,,,,,,,,,,
78.112,4.59,24.582,,,,,,,,,,,,,,,,,,,,,,,,,,
78.486,4.59,24.894,,,,,,,,,,,,,,,,,,,,,,,,,,
78.837,4.59,24.616,,,,,,,,,,,,,,,,,,,,,,,,,,
79.185,4.58,24.624,,,,,,,,,,,,,,,,,,,,,,,,,,
79.534,4.58,24.295,,,,,,,,,,,,,,,,,,,,,,,,,,
79.884,4.58,24.59,,,,,,,,,,,,,,,,,,,,,,,,,,
80.244,4.58,24.607,,,,,,,,,,,,,,,,,,,,,,,,,,
80.626,4.58,24.303,,,,,,,,,,,,,,,,,,,,,,,,,,
80.985,4.58,24.582,,,,,,,,,,,,,,,,,,,,,,,,,,
81.389,4.58,24.616,,,,,,,,,,,,,,,,,,,,,,,,,,
81.738,4.58,24.607,,,,,,,,,,,,,,,,,,,,,,,,,,
82.088,4.57,24.633,,,,,,,,,,,,,,,,,,,,,,,,,,
82.464,4.57,24.573,,,,,,,,,,,,,,,,,,,,,,,,,,
82.812,4.57,24.641,,,,,,,,,,,,,,,,,,,,,,,,,,
83.161,4.57,24.573,,,,,,,,,,,,,,,,,,,,,,,,,,
83.511,4.57,24.548,,,,,,,,,,,,,,,,,,,,,,,,,,
83.861,4.58,24.328,,,,,,,,,,,,,,,,,,,,,,,,,,
84.21,4.58,24.624,,,,,,,,,,,,,,,,,,,,,,,,,,
84.586,4.57,24.616,,,,,,,,,,,,,,,,,,,,,,,,,,
84.934,4.57,24.582,,,,,,,,,,,,,,,,,,,,,,,,,,
85.285,4.57,24.607,,,,,,,,,,,,,,,,,,,,,,,,,,
85.633,4.57,24.599,,,,,,,,,,,,,,,,,,,,,,,,,,
86.036,4.57,24.295,,,,,,,,,,,,,,,,,,,,,,,,,,
86.384,4.56,24.616,,,,,,,,,,,,,,,,,,,,,,,,,,
86.735,4.55,24.303,,,,,,,,,,,,,,,,,,,,,,,,,,
87.083,4.56,24.59,,,,,,,,,,,,,,,,,,,,,,,,,,
87.444,4.55,24.607,,,,,,,,,,,,,,,,,,,,,,,,,,
87.826,4.55,24.599,,,,,,,,,,,,,,,,,,,,,,,,,,
88.185,4.55,24.582,,,,,,,,,,,,,,,,,,,,,,,,,,
88.587,4.55,24.633,,,,,,,,,,,,,,,,,,,,,,,,,,
88.937,4.55,24.328,,,,,,,,,,,,,,,,,,,,,,,,,,
89.286,4.55,24.287,,,,,,,,,,,,,,,,,,,,,,,,,,
89.661,4.54,24.27,,,,,,,,,,,,,,,,,,,,,,,,,,
90.01,4.54,24.624,,,,,,,,,,,,,,,,,,,,,,,,,,
90.362,4.54,24.27,,,,,,,,,,,,,,,,,,,,,,,,,,
90.709,4.54,24.278,,,,,,,,,,,,,,,,,,,,,,,,,,
91.059,4.54,24.295,,,,,,,,,,,,,,,,,,,,,,,,,,
91.408,4.54,24.303,,,,,,,,,,,,,,,,,,,,,,,,,,
91.785,4.54,24.32,,,,,,,,,,,,,,,,,,,,,,,,,,
92.133,4.55,24.287,,,,,,,,,,,,,,,,,,,,,,,,,,
92.483,4.54,24.312,,,,,,,,,,,,,,,,,,,,,,,,,,
92.831,4.54,24.312,,,,,,,,,,,,,,,,,,,,,,,,,,
93.181,4.54,24.312,,,,,,,,,,,,,,,,,,,,,,,,,,
93.558,4.54,24.295,,,,,,,,,,,,,,,,,,,,,,,,,,
93.908,4.53,24.278,,,,,,,,,,,,,,,,,,,,,,,,,,
94.308,4.53,24.303,,,,,,,,,,,,,,,,,,,,,,,,,,
94.675,4.52,24,,,,,,,,,,,,,,,,,,,,,,,,,,
95.035,4.53,24.312,,,,,,,,,,,,,,,,,,,,,,,,,,
95.383,4.53,23.991,,,,,,,,,,,,,,,,,,,,,,,,,,
95.733,4.53,24.287,,,,,,,,,,,,,,,,,,,,,,,,,,
96.11,4.52,24.27,,,,,,,,,,,,,,,,,,,,,,,,,,
96.512,4.52,24.295,,,,,,,,,,,,,,,,,,,,,,,,,,
96.877,4.52,23.983,,,,,,,,,,,,,,,,,,,,,,,,,,
97.238,4.51,24.278,,,,,,,,,,,,,,,,,,,,,,,,,,
97.639,4.52,24,,,,,,,,,,,,,,,,,,,,,,,,,,
97.99,4.51,24,,,,,,,,,,,,,,,,,,,,,,,,,,
98.339,4.51,23.991,,,,,,,,,,,,,,,,,,,,,,,,,,
98.688,4.52,24.278,,,,,,,,,,,,,,,,,,,,,,,,,,
99.064,4.52,24.008,,,,,,,,,,,,,,,,,,,,,,,,,,
99.415,4.52,24.295,,,,,,,,,,,,,,,,,,,,,,,,,,
99.763,4.52,24.27,,,,,,,,,,,,,,,,,,,,,,,,,,
100.112,4.52,24.32,,,,,,,,,,,,,,,,,,,,,,,,,,
100.461,4.51,24.312,,,,,,,,,,,,,,,,,,,,,,,,,,
100.838,4.51,24.008,,,,,,,,,,,,,,,,,,,,,,,,,,
101.186,4.51,24.278,,,,,,,,,,,,,,,,,,,,,,,,,,
101.537,4.51,24.312,,,,,,,,,,,,,,,,,,,,,,,,,,
101.884,4.5,24.303,,,,,,,,,,,,,,,,,,,,,,,,,,
102.236,4.5,24.287,,,,,,,,,,,,,,,,,,,,,,,,,,
102.638,4.5,23.991,,,,,,,,,,,,,,,,,,,,,,,,,,
102.986,4.5,24.016,,,,,,,,,,,,,,,,,,,,,,,,,,
103.336,4.5,23.95,,,,,,,,,,,,,,,,,,,,,,,,,,
103.684,4.5,23.975,,,,,,,,,,,,,,,,,,,,,,,,,,
104.06,4.5,23.966,,,,,,,,,,,,,,,,,,,,,,,,,,
104.411,4.5,23.991,,,,,,,,,,,,,,,,,,,,,,,,,,
104.759,4.5,23.991,,,,,,,,,,,,,,,,,,,,,,,,,,
105.108,4.5,24.008,,,,,,,,,,,,,,,,,,,,,,,,,,
105.457,4.49,24.328,,,,,,,,,,,,,,,,,,,,,,,,,,
105.806,4.5,23.991,,,,,,,,,,,,,,,,,,,,,,,,,,
106.183,4.49,23.975,,,,,,,,,,,,,,,,,,,,,,,,,,
106.533,4.49,24,,,,,,,,,,,,,,,,,,,,,,,,,,
106.91,4.49,23.663,,,,,,,,,,,,,,,,,,,,,,,,,,
107.284,4.49,23.991,,,,,,,,,,,,,,,,,,,,,,,,,,
107.633,4.49,23.663,,,,,,,,,,,,,,,,,,,,,,,,,,
107.983,4.5,23.704,,,,,,,,,,,,,,,,,,,,,,,,,,
108.331,4.49,24,,,,,,,,,,,,,,,,,,,,,,,,,,
108.681,4.49,23.983,,,,,,,,,,,,,,,,,,,,,,,,,,
109.058,4.48,23.688,,,,,,,,,,,,,,,,,,,,,,,,,,
109.406,4.49,23.991,,,,,,,,,,,,,,,,,,,,,,,,,,
109.756,4.48,23.688,,,,,,,,,,,,,,,,,,,,,,,,,,
110.105,4.48,23.983,,,,,,,,,,,,,,,,,,,,,,,,,,
110.453,4.48,23.696,,,,,,,,,,,,,,,,,,,,,,,,,,
110.813,4.48,23.679,,,,,,,,,,,,,,,,,,,,,,,,,,
111.197,4.48,24.287,,,,,,,,,,,,,,,,,,,,,,,,,,
111.555,4.48,24.312,,,,,,,,,,,,,,,,,,,,,,,,,,
111.904,4.47,23.663,,,,,,,,,,,,,,,,,,,,,,,,,,
112.28,4.47,23.688,,,,,,,,,,,,,,,,,,,,,,,,,,
112.629,4.48,23.991,,,,,,,,,,,,,,,,,,,,,,,,,,
112.979,4.47,24,,,,,,,,,,,,,,,,,,,,,,,,,,
113.329,4.47,23.679,,,,,,,,,,,,,,,,,,,,,,,,,,
113.731,4.47,24.008,,,,,,,,,,,,,,,,,,,,,,,,,,
114.08,4.47,23.688,,,,,,,,,,,,,,,,,,,,,,,,,,
114.428,4.47,23.696,,,,,,,,,,,,,,,,,,,,,,,,,,
114.778,4.46,23.696,,,,,,,,,,,,,,,,,,,,,,,,,,
115.155,4.46,23.983,,,,,,,,,,,,,,,,,,,,,,,,,,
115.521,4.45,24.016,,,,,,,,,,,,,,,,,,,,,,,,,,
115.88,4.45,23.688,,,,,,,,,,,,,,,,,,,,,,,,,,
116.255,4.45,23.983,,,,,,,,,,,,,,,,,,,,,,,,,,
116.604,4.46,23.991,,,,,,,,,,,,,,,,,,,,,,,,,,
116.955,4.46,24.016,,,,,,,,,,,,,,,,,,,,,,,,,,
117.303,4.46,24.008,,,,,,,,,,,,,,,,,,,,,,,,,,
117.652,4.46,23.983,,,,,,,,,,,,,,,,,,,,,,,,,,
118.028,4.47,23.704,,,,,,,,,,,,,,,,,,,,,,,,,,
118.378,4.46,23.958,,,,,,,,,,,,,,,,,,,,,,,,,,
118.727,4.46,23.679,,,,,,,,,,,,,,,,,,,,,,,,,,
119.077,4.46,23.688,,,,,,,,,,,,,,,,,,,,,,,,,,
119.425,4.45,23.663,,,,,,,,,,,,,,,,,,,,,,,,,,
119.775,4.45,23.991,,,,,,,,,,,,,,,,,,,,,,,,,,
120.152,4.45,23.384,,,,,,,,,,,,,,,,,,,,,,,,,,
120.554,4.45,23.679,,,,,,,,,,,,,,,,,,,,,,,,,,
120.919,4.44,23.72,,,,,,,,,,,,,,,,,,,,,,,,,,
121.278,4.44,23.384,,,,,,,,,,,,,,,,,,,,,,,,,,
121.63,4.44,23.639,,,,,,,,,,,,,,,,,,,,,,,,,,
122.004,4.44,23.712,,,,,,,,,,,,,,,,,,,,,,,,,,
122.358,4.44,23.368,,,,,,,,,,,,,,,,,,,,,,,,,,
122.74,4.44,23.679,,,,,,,,,,,,,,,,,,,,,,,,,,
123.121,4.44,23.384,,,,,,,,,,,,,,,,,,,,,,,,,,
123.479,4.44,23.384,,,,,,,,,,,,,,,,,,,,,,,,,,
123.83,4.43,23.376,,,,,,,,,,,,,,,,,,,,,,,,,,
124.179,4.43,23.704,,,,,,,,,,,,,,,,,,,,,,,,,,
124.556,4.43,23.376,,,,,,,,,,,,,,,,,,,,,,,,,,
124.903,4.44,23.704,,,,,,,,,,,,,,,,,,,,,,,,,,
125.253,4.43,23.392,,,,,,,,,,,,,,,,,,,,,,,,,,
125.601,4.43,23.384,,,,,,,,,,,,,,,,,,,,,,,,,,
125.953,4.43,23.392,,,,,,,,,,,,,,,,,,,,,,,,,,
126.328,4.43,23.368,,,,,,,,,,,,,,,,,,,,,,,,,,
126.693,4.43,23.696,,,,,,,,,,,,,,,,,,,,,,,,,,
127.053,4.43,23.696,,,,,,,,,,,,,,,,,,,,,,,,,,
127.428,4.43,23.376,,,,,,,,,,,,,,,,,,,,,,,,,,
127.777,4.43,23.376,,,,,,,,,,,,,,,,,,,,,,,,,,
128.127,4.43,23.704,,,,,,,,,,,,,,,,,,,,,,,,,,
128.476,4.42,23.696,,,,,,,,,,,,,,,,,,,,,,,,,,
128.824,4.43,23.352,,,,,,,,,,,,,,,,,,,,,,,,,,
129.185,4.43,23.688,,,,,,,,,,,,,,,,,,,,,,,,,,
129.54,4.42,23.655,,,,,,,,,,,,,,,,,,,,,,,,,,
129.899,4.42,23.408,,,,,,,,,,,,,,,,,,,,,,,,,,
130.249,4.42,23.4,,,,,,,,,,,,,,,,,,,,,,,,,,
130.598,4.42,23.376,,,,,,,,,,,,,,,,,,,,,,,,,,
130.947,4.42,23.4,,,,,,,,,,,,,,,,,,,,,,,,,,
131.323,4.41,23.671,,,,,,,,,,,,,,,,,,,,,,,,,,
131.672,4.41,23.384,,,,,,,,,,,,,,,,,,,,,,,,,,
132.022,4.41,23.688,,,,,,,,,,,,,,,,,,,,,,,,,,
132.371,4.41,23.384,,,,,,,,,,,,,,,,,,,,,,,,,,
132.721,4.4,23.392,,,,,,,,,,,,,,,,,,,,,,,,,,
133.069,4.41,23.384,,,,,,,,,,,,,,,,,,,,,,,,,,
133.446,4.4,23.392,,,,,,,,,,,,,,,,,,,,,,,,,,
133.832,4.4,23.088,,,,,,,,,,,,,,,,,,,,,,,,,,
134.213,4.4,23.712,,,,,,,,,,,,,,,,,,,,,,,,,,
134.574,4.4,23.704,,,,,,,,,,,,,,,,,,,,,,,,,,
134.923,4.4,23.688,,,,,,,,,,,,,,,,,,,,,,,,,,
135.3,4.4,23.408,,,,,,,,,,,,,,,,,,,,,,,,,,
135.665,4.4,23.368,,,,,,,,,,,,,,,,,,,,,,,,,,
136.023,4.4,23.392,,,,,,,,,,,,,,,,,,,,,,,,,,
136.399,4.39,23.416,,,,,,,,,,,,,,,,,,,,,,,,,,
136.749,4.4,23.368,,,,,,,,,,,,,,,,,,,,,,,,,,
137.098,4.39,23.104,,,,,,,,,,,,,,,,,,,,,,,,,,
137.447,4.4,23.096,,,,,,,,,,,,,,,,,,,,,,,,,,
137.797,4.39,23.368,,,,,,,,,,,,,,,,,,,,,,,,,,
138.155,4.39,23.056,,,,,,,,,,,,,,,,,,,,,,,,,,
138.511,4.39,23.088,,,,,,,,,,,,,,,,,,,,,,,,,,
138.871,4.39,23.352,,,,,,,,,,,,,,,,,,,,,,,,,,
139.22,4.38,23.08,,,,,,,,,,,,,,,,,,,,,,,,,,
139.569,4.39,23.392,,,,,,,,,,,,,,,,,,,,,,,,,,
139.946,4.38,23.376,,,,,,,,,,,,,,,,,,,,,,,,,,
140.295,4.39,23.384,,,,,,,,,,,,,,,,,,,,,,,,,,
140.697,4.39,23.376,,,,,,,,,,,,,,,,,,,,,,,,,,
141.062,4.39,23.368,,,,,,,,,,,,,,,,,,,,,,,,,,
141.423,4.38,23.4,,,,,,,,,,,,,,,,,,,,,,,,,,
141.771,4.38,23.08,,,,,,,,,,,,,,,,,,,,,,,,,,
142.121,4.37,23.072,,,,,,,,,,,,,,,,,,,,,,,,,,
142.481,4.37,22.769,,,,,,,,,,,,,,,,,,,,,,,,,,
142.836,4.38,23.408,,,,,,,,,,,,,,,,,,,,,,,,,,
143.197,4.37,23.064,,,,,,,,,,,,,,,,,,,,,,,,,,
143.545,4.37,23.36,,,,,,,,,,,,,,,,,,,,,,,,,,
143.895,4.37,23.384,,,,,,,,,,,,,,,,,,,,,,,,,,
144.271,4.37,23.064,,,,,,,,,,,,,,,,,,,,,,,,,,
144.637,4.37,23.096,,,,,,,,,,,,,,,,,,,,,,,,,,
144.995,4.37,23.08,,,,,,,,,,,,,,,,,,,,,,,,,,
145.371,4.37,23.072,,,,,,,,,,,,,,,,,,,,,,,,,,
145.72,4.37,23.064,,,,,,,,,,,,,,,,,,,,,,,,,,
146.069,4.37,23.4,,,,,,,,,,,,,,,,,,,,,,,,,,
146.419,4.37,23.384,,,,,,,,,,,,,,,,,,,,,,,,,,
146.768,4.37,23.384,,,,,,,,,,,,,,,,,,,,,,,,,,
147.144,4.37,23.056,,,,,,,,,,,,,,,,,,,,,,,,,,
147.493,4.37,23.408,,,,,,,,,,,,,,,,,,,,,,,,,,
147.842,4.37,23.352,,,,,,,,,,,,,,,,,,,,,,,,,,
148.191,4.37,23.048,,,,,,,,,,,,,,,,,,,,,,,,,,
148.54,4.37,23.072,,,,,,,,,,,,,,,,,,,,,,,,,,
148.889,4.36,23.392,,,,,,,,,,,,,,,,,,,,,,,,,,
149.266,4.37,23.096,,,,,,,,,,,,,,,,,,,,,,,,,,
149.613,4.36,23.064,,,,,,,,,,,,,,,,,,,,,,,,,,
149.965,4.37,23.392,,,,,,,,,,,,,,,,,,,,,,,,,,
150.351,4.37,23.352,,,,,,,,,,,,,,,,,,,,,,,,,,
150.715,4.37,23.04,,,,,,,,,,,,,,,,,,,,,,,,,,
151.065,4.37,23.088,,,,,,,,,,,,,,,,,,,,,,,,,,
151.414,4.36,22.761,,,,,,,,,,,,,,,,,,,,,,,,,,
151.791,4.36,23.056,,,,,,,,,,,,,,,,,,,,,,,,,,
152.139,4.36,23.088,,,,,,,,,,,,,,,,,,,,,,,,,,
152.49,4.36,23.08,,,,,,,,,,,,,,,,,,,,,,,,,,
152.84,4.36,23.072,,,,,,,,,,,,,,,,,,,,,,,,,,
153.188,4.36,23.056,,,,,,,,,,,,,,,,,,,,,,,,,,
153.537,4.36,23.376,,,,,,,,,,,,,,,,,,,,,,,,,,
153.915,4.36,23.072,,,,,,,,,,,,,,,,,,,,,,,,,,
154.261,4.36,22.777,,,,,,,,,,,,,,,,,,,,,,,,,,
154.613,4.36,23.072,,,,,,,,,,,,,,,,,,,,,,,,,,
155.015,4.36,23.392,,,,,,,,,,,,,,,,,,,,,,,,,,
155.365,4.36,22.784,,,,,,,,,,,,,,,,,,,,,,,,,,
155.714,4.36,23.064,,,,,,,,,,,,,,,,,,,,,,,,,,
156.062,4.35,23.4,,,,,,,,,,,,,,,,,,,,,,,,,,
156.412,4.36,23.408,,,,,,,,,,,,,,,,,,,,,,,,,,
156.761,4.36,23.056,,,,,,,,,,,,,,,,,,,,,,,,,,
157.137,4.35,23.056,,,,,,,,,,,,,,,,,,,,,,,,,,
157.484,4.35,23.112,,,,,,,,,,,,,,,,,,,,,,,,,,
157.835,4.35,23.048,,,,,,,,,,,,,,,,,,,,,,,,,,
158.184,4.34,23.088,,,,,,,,,,,,,,,,,,,,,,,,,,
158.532,4.35,22.777,,,,,,,,,,,,,,,,,,,,,,,,,,
158.884,4.35,22.769,,,,,,,,,,,,,,,,,,,,,,,,,,
159.259,4.35,23.104,,,,,,,,,,,,,,,,,,,,,,,,,,
159.608,4.35,22.761,,,,,,,,,,,,,,,,,,,,,,,,,,
159.958,4.34,23.088,,,,,,,,,,,,,,,,,,,,,,,,,,
160.306,4.34,23.048,,,,,,,,,,,,,,,,,,,,,,,,,,
160.656,4.34,23.08,,,,,,,,,,,,,,,,,,,,,,,,,,
161.032,4.34,22.761,,,,,,,,,,,,,,,,,,,,,,,,,,
161.399,4.34,22.792,,,,,,,,,,,,,,,,,,,,,,,,,,
161.757,4.34,22.745,,,,,,,,,,,,,,,,,,,,,,,,,,
162.131,4.33,23.08,,,,,,,,,,,,,,,,,,,,,,,,,,
162.481,4.33,23.056,,,,,,,,,,,,,,,,,,,,,,,,,,
162.83,4.33,22.777,,,,,,,,,,,,,,,,,,,,,,,,,,
163.18,4.33,23.08,,,,,,,,,,,,,,,,,,,,,,,,,,
163.53,4.33,23.072,,,,,,,,,,,,,,,,,,,,,,,,,,
163.889,4.33,22.769,,,,,,,,,,,,,,,,,,,,,,,,,,
164.272,4.32,22.777,,,,,,,,,,,,,,,,,,,,,,,,,,
164.631,4.32,23.056,,,,,,,,,,,,,,,,,,,,,,,,,,
164.99,4.32,22.761,,,,,,,,,,,,,,,,,,,,,,,,,,
165.346,4.32,22.457,,,,,,,,,,,,,,,,,,,,,,,,,,
165.705,4.32,22.792,,,,,,,,,,,,,,,,,,,,,,,,,,
166.055,4.32,22.777,,,,,,,,,,,,,,,,,,,,,,,,,,
166.457,4.33,22.769,,,,,,,,,,,,,,,,,,,,,,,,,,
166.806,4.32,23.104,,,,,,,,,,,,,,,,,,,,,,,,,,
167.155,4.32,22.777,,,,,,,,,,,,,,,,,,,,,,,,,,
167.504,4.31,23.08,,,,,,,,,,,,,,,,,,,,,,,,,,
167.881,4.32,22.457,,,,,,,,,,,,,,,,,,,,,,,,,,
168.231,4.32,22.473,,,,,,,,,,,,,,,,,,,,,,,,,,
168.632,4.32,23.056,,,,,,,,,,,,,,,,,,,,,,,,,,
168.998,4.32,23.064,,,,,,,,,,,,,,,,,,,,,,,,,,
169.36,4.31,22.792,,,,,,,,,,,,,,,,,,,,,,,,,,
169.763,4.32,22.465,,,,,,,,,,,,,,,,,,,,,,,,,,
170.112,4.32,22.465,,,,,,,,,,,,,,,,,,,,,,,,,,
170.514,4.31,22.761,,,,,,,,,,,,,,,,,,,,,,,,,,
170.864,4.31,22.45,,,,,,,,,,,,,,,,,,,,,,,,,,
171.213,4.3,22.784,,,,,,,,,,,,,,,,,,,,,,,,,,
171.563,4.31,22.442,,,,,,,,,,,,,,,,,,,,,,,,,,
171.91,4.31,22.808,,,,,,,,,,,,,,,,,,,,,,,,,,
172.261,4.3,22.465,,,,,,,,,,,,,,,,,,,,,,,,,,
172.637,4.3,22.465,,,,,,,,,,,,,,,,,,,,,,,,,,
173.004,4.3,22.481,,,,,,,,,,,,,,,,,,,,,,,,,,
173.362,4.31,22.777,,,,,,,,,,,,,,,,,,,,,,,,,,
173.737,4.31,22.465,,,,,,,,,,,,,,,,,,,,,,,,,,
174.086,4.3,23.088,,,,,,,,,,,,,,,,,,,,,,,,,,
174.436,4.3,23.104,,,,,,,,,,,,,,,,,,,,,,,,,,
174.786,4.3,22.792,,,,,,,,,,,,,,,,,,,,,,,,,,
175.19,4.3,22.777,,,,,,,,,,,,,,,,,,,,,,,,,,
175.592,4.31,22.792,,,,,,,,,,,,,,,,,,,,,,,,,,
175.94,4.3,22.481,,,,,,,,,,,,,,,,,,,,,,,,,,
176.289,4.31,22.784,,,,,,,,,,,,,,,,,,,,,,,,,,
176.639,4.31,22.457,,,,,,,,,,,,,,,,,,,,,,,,,,
176.988,4.31,22.457,,,,,,,,,,,,,,,,,,,,,,,,,,
177.337,4.3,22.465,,,,,,,,,,,,,,,,,,,,,,,,,,
177.685,4.3,22.777,,,,,,,,,,,,,,,,,,,,,,,,,,
178.063,4.3,22.769,,,,,,,,,,,,,,,,,,,,,,,,,,
178.412,4.3,22.457,,,,,,,,,,,,,,,,,,,,,,,,,,
178.761,4.3,22.488,,,,,,,,,,,,,,,,,,,,,,,,,,
179.11,4.29,22.737,,,,,,,,,,,,,,,,,,,,,,,,,,
179.514,4.3,22.457,,,,,,,,,,,,,,,,,,,,,,,,,,
179.863,4.29,22.488,,,,,,,,,,,,,,,,,,,,,,,,,,
180.211,4.29,22.769,,,,,,,,,,,,,,,,,,,,,,,,,,
